id,domain,status,purchase_price,renewal_price,attractiveness,demand,length,registrar,created_at,expires_at,status_verified_at
112dacc7-f160-4e8c-b461-388667c97a3d,thessaloniki.dentist,available,51.95,51.95,medium,low,12,spaceship,,,29/09/2026 15:14
3a4c214a-fc71-47be-8508-b0c7e656a3d4,proceeds.dentist,available,51.95,51.95,high,low,8,spaceship,,,29/09/2026 01:54
9490fe1e-efcc-46b0-9fe6-10b424cf885e,disagreement.dentist,available,51.95,51.95,medium,low,12,spaceship,,,29/09/2026 10:22
01f779da-7c62-40c6-b85f-e511b184fbe4,polly.dentist,available,51.95,51.95,high,low,5,spaceship,,,28/09/2026 07:34
c071000a-e74f-4e1e-8265-51a5aff6eb5a,washout.dentist,available,63.98,81.98,medium,low,7,namecheap,,,14/08/2026 20:57
ff6be334-eb56-45dd-96e5-65f8da0d6070,theories.dentist,available,50.2,50.2,medium,low,8,cloudflare,,,28/09/2026 05:40
5b2d0daa-2c35-4e5b-bf47-dded4434eccf,dismissal.dentist,available,51.95,51.95,high,low,9,spaceship,,,29/09/2026 15:57
32e96c40-a008-4a4b-b71d-0c176daf8c1a,personable.dentist,available,63.98,81.98,high,low,10,namecheap,,,08/09/2026 17:59
34976aeb-8987-4d96-b740-e8328656f68a,tricolor.dentist,available,63.98,81.98,high,low,8,namecheap,,,11/09/2026 19:26
bfe9127c-0c82-4eae-8f35-dff8b550701c,hanged.dentist,available,65.99,65.99,medium,low,6,namesilo,,,28/09/2026 08:24
b3f5469a-efb6-4621-8198-4d2ac681ccf2,bidens.dentist,available,51.95,51.95,medium,low,6,spaceship,,,29/09/2026 02:29
92cb39b0-6b2a-4e2b-b949-0c3129443308,monastic.dentist,available,63.98,81.98,medium,low,8,namecheap,,,12/08/2026 11:57
69b55c15-06a0-4815-ab3e-3dd1756b9334,peeved.dentist,available,63.98,81.98,medium,low,6,namecheap,,,
29879b7b-532b-4f3a-b463-be29e0871d9e,overriding.dentist,available,63.98,81.98,high,low,10,namecheap,,,04/09/2026 21:39
c6d2e349-0798-4df1-bc09-4c1c1f0e624a,ashe.dentist,available,65.99,65.99,high,low,4,namesilo,,,20/09/2026 10:46
a8f3a74f-a4d1-4365-9663-59524a76d5a0,horizontal.dentist,available,63.98,81.98,high,low,10,namecheap,,,21/08/2026 14:00
3b6ce705-7020-49a9-aa33-9d8e3555f204,fsa.dentist,premium,512,512,high,low,3,namesilo,,,29/09/2026 08:40
963299be-c800-4878-a028-3761f33774f7,horror.dentist,available,51.95,51.95,high,low,6,spaceship,,,27/09/2026 14:08
c2c20307-e634-4447-a564-d82b2b2edec9,eternally.dentist,available,63.98,81.98,high,low,9,namecheap,,,14/09/2026 16:17
084e87e6-5b07-4c6a-b8a8-ad81cda7fd36,unvoiced.dentist,available,63.98,81.98,medium,low,8,namecheap,,,11/09/2026 03:39
e622c84a-53e5-4b0f-a040-767fb09abf47,friends.dentist,premium,242,242,high,medium,7,namesilo,,,
b244023a-a1e3-4b42-854a-c900cc600259,sugar.dentist,available,53.72,53.72,high,low,5,dynadot,,,29/09/2026 08:02
0e5e16f5-a481-444a-a0a5-443a90fe14de,assort.dentist,available,63.98,81.98,high,low,6,namecheap,,,17/09/2026 14:23
1eba38ba-10b9-481e-9bc0-7454d2b291ab,marginally.dentist,available,63.98,81.98,medium,low,10,namecheap,,,15/09/2026 13:29
5912a4e9-f63f-427c-aea9-9dde3a4f7c02,fayetteville.dentist,premium,,,high,low,12,,,,28/09/2026 04:16
696fb86e-922e-41e7-a4ea-67da87dbca54,chapel.dentist,available,65.99,65.99,high,low,6,namesilo,,,28/09/2026 01:39
4e6f7374-08b5-49a0-8ffa-7144640092da,examining.dentist,available,65.99,65.99,high,low,9,namesilo,,,29/09/2026 08:41
22891c4f-e101-4ce0-9ae0-651416a0b6ad,jackhammer.dentist,available,65.99,65.99,high,low,10,namesilo,,,17/09/2026 22:21
38eda694-1fa9-4641-9763-4cc83aeb7d69,droll.dentist,available,63.98,81.98,medium,low,5,namecheap,,,14/08/2026 19:39
75122979-6fdb-4570-9b7f-0e7d93ea6d81,knit.dentist,available,111.99,111.99,high,low,4,godaddy,,,30/09/2026 02:06
2d5f9e22-98ba-43b6-b19e-82726a36a50d,assemblage.dentist,available,63.98,81.98,high,low,10,namecheap,,,17/09/2026 17:28
3c92a0ad-231b-4ef2-b809-309e93389537,spelled.dentist,available,51.95,51.95,low,low,7,spaceship,,,28/09/2026 16:58
21964d15-78dc-4d0d-b3ba-d7c5e7908cc6,egoistic.dentist,available,63.98,81.98,medium,low,8,namecheap,,,15/08/2026 18:54
d383a760-6294-4d78-8774-e64a8c308fbc,vicinal.dentist,available,63.98,81.98,medium,low,7,namecheap,,,13/09/2026 05:27
0eda87a0-93f7-4395-8166-dfdd7d0eb596,whiney.dentist,available,63.98,81.98,medium,low,6,namecheap,,,09/09/2026 08:35
d2453490-e3de-4fe4-ad25-33d09c03ab58,niffy.dentist,available,63.98,81.98,medium,low,5,namecheap,,,03/09/2026 17:10
d8c9cdea-a357-4563-a471-d56fd49e0da2,keystone.dentist,available,65.99,65.99,high,medium,8,namesilo,,,21/09/2026 15:13
5d7064cd-d9ed-4753-838f-c6e200d8b1e0,congressman.dentist,available,63.98,81.98,high,low,11,namecheap,,,28/09/2026 04:59
a575418f-e601-4ab6-972d-027935dab93a,fish.dentist,available,53.72,53.72,high,low,4,dynadot,,,29/09/2026 19:28
4678b291-dfd0-4d9c-8a9c-e92cf9e0773e,colourful.dentist,available,63.98,81.98,high,low,9,namecheap,,,12/08/2026 17:51
6637261f-3c49-4085-af57-7f3c5b1fdcf9,phantasma.dentist,available,63.98,81.98,high,low,9,namecheap,,,08/09/2026 18:38
729626cd-dfd7-4487-9c02-dc2740b94a37,person.dentist,premium,242,242,high,low,6,namesilo,,,25/09/2026 09:11
b3aab807-25e3-4569-96af-6ea1e1f71cb7,velvetleaf.dentist,available,63.98,81.98,medium,low,10,namecheap,,,16/09/2026 19:24
2b7759d0-d4c5-4e2d-80c9-0d7c0200604a,anser.dentist,available,65.99,65.99,medium,low,5,namesilo,,,19/09/2026 12:03
494e56cf-f0cb-45d6-a4ca-ab33cbf59e5d,vega.dentist,available,65.99,65.99,high,medium,4,namesilo,,,29/09/2026 07:30
f4a99eb2-984a-40be-a704-200f91628191,manganese.dentist,available,63.98,81.98,medium,low,9,namecheap,,,20/09/2026 22:40
87172ffb-5e1a-44af-89cb-5f2c03969cbd,cocaine.dentist,available,51.95,51.95,high,low,7,spaceship,,,27/09/2026 12:35
0347b2b7-fb9c-4a2c-a03d-b07fe3a24a92,cadillac.dentist,available,65.99,65.99,high,low,8,namesilo,,,
66cddd2a-5f73-4b0a-901c-99e0870ee34b,toffee.dentist,available,63.98,81.98,high,low,6,namecheap,,,11/08/2026 04:53
619f9417-d7d5-44dd-93ba-62e9d2ec963f,loudoun.dentist,available,50.2,50.2,high,low,7,cloudflare,,,29/09/2026 22:41
4a442ac0-2a82-41e7-8446-363d8817e573,michael.dentist,premium,118.8,118.8,high,medium,7,namesilo,,,25/09/2026 09:21
8860da24-a65e-423d-b5e3-5ad4f2b0f65c,funnily.dentist,available,63.98,81.98,medium,low,7,namecheap,,,14/09/2026 20:40
27744fab-1b5d-4f7a-bd05-914cd7af9bc6,churchman.dentist,available,63.98,81.98,high,low,9,namecheap,,,14/08/2026 23:29
33be1887-fb6b-4dab-a25b-bf20d9a63314,illness.dentist,available,51.95,51.95,high,low,7,spaceship,,,29/09/2026 23:34
ea8cb994-cb17-4137-9b76-31aaf71c7788,subscript.dentist,available,63.98,81.98,high,low,9,namecheap,,,11/09/2026 00:43
936feaa8-492b-4ab7-aa96-d7e3aaf400bf,distributed.dentist,available,63.98,81.98,high,low,11,namecheap,,,
dbc5437e-94ef-411b-93bd-e4e31dfd02f6,citrin.dentist,available,63.98,81.98,high,low,6,namecheap,,,23/09/2026 18:00
a77c51e3-23d7-406f-bb04-ae5edd7908bb,betoken.dentist,available,63.98,81.98,medium,low,7,namecheap,,,21/09/2026 03:31
5ce76489-4cf5-41f2-b9cc-8243b6ecc7c4,allylic.dentist,available,63.98,81.98,medium,low,7,namecheap,,,
40a59dd2-0851-46e5-80b3-19602da32698,seafaring.dentist,available,63.98,81.98,medium,low,9,namecheap,,,04/09/2026 00:22
c94dca6a-e257-404e-a430-03df30181eeb,colvin.dentist,available,51.95,51.95,medium,low,6,spaceship,,,29/09/2026 22:39
2ab9bcab-d65a-4a6b-a621-43afa3bff980,crews.dentist,available,65.99,65.99,medium,low,5,namesilo,,,28/09/2026 16:47
22f3c97c-604a-4d0d-9139-1df1ddc0e741,dick.dentist,available,65.99,65.99,high,low,4,namesilo,,,29/09/2026 10:10
ecd18e27-1d67-44da-90c0-2e4f6548c0e2,verbs.dentist,available,65.99,65.99,medium,low,5,namesilo,,,
f7fc6137-52a8-47f0-8bbe-c319778aeed8,electronics.dentist,available,51.95,51.95,high,low,11,spaceship,,,28/09/2026 17:13
1411875f-0d4f-4568-a81a-534e59bc164d,prink.dentist,available,65.99,65.99,medium,low,5,namesilo,,,21/09/2026 02:05
e67b6008-6a8d-4ca4-bbd3-b3877ad66212,bang.dentist,available,51.95,51.95,high,low,4,spaceship,,,28/09/2026 13:18
f9d437a3-611e-41ad-aa14-0d4a1b630d07,eurasian.dentist,available,63.98,81.98,high,low,8,namecheap,,,17/08/2026 14:26
6d68d30e-e752-430a-8521-b9b6ea1e6c38,zealand.dentist,available,65.99,65.99,medium,low,7,namesilo,,,29/09/2026 02:11
a6496dfa-ca69-458c-9a0f-187c405abd27,beluga.dentist,available,65.99,65.99,high,low,6,namesilo,,,17/09/2026 01:49
f4e24e17-5dc3-4f99-b86b-6f4fe52f9157,arras.dentist,available,63.98,81.98,medium,low,5,namecheap,,,20/09/2026 08:49
48f51bb6-4a80-40c6-ba3e-110aeb13c6f4,midmost.dentist,available,63.98,81.98,medium,low,7,namecheap,,,24/08/2026 22:29
a7beea9e-a66a-4842-8bb5-82603001f9cd,fin.dentist,available,63.98,81.98,high,low,3,namecheap,,,
6f2d5dc9-58b6-4a39-9c6b-e480ace33484,complication.dentist,available,65.99,65.99,medium,low,12,namesilo,,,29/09/2026 23:25
cf4b4872-50c7-41ff-9bac-82ba162f1934,peek.dentist,available,51.95,51.95,high,low,4,spaceship,,,28/09/2026 19:21
3cd45169-1a01-4172-ac93-4e82068f8cdc,siblings.dentist,available,65.99,65.99,medium,low,8,namesilo,,,29/09/2026 10:27
2f8b1033-48df-4c67-acee-5cd44e6692f3,denying.dentist,available,50.2,50.2,medium,low,7,cloudflare,,,28/09/2026 11:30
5df6d58e-6083-4cc8-bba3-6c54ecefe87d,casebook.dentist,available,63.98,81.98,high,low,8,namecheap,,,08/09/2026 03:38
af1e43f7-4321-408e-a258-9a52408589d9,goats.dentist,available,51.95,51.95,medium,low,5,spaceship,,,29/09/2026 04:56
62cda209-bf67-4356-b1f1-cb9beded9662,dread.dentist,premium,242,242,high,low,5,namesilo,,,14/08/2026 18:38
bd44cf05-4772-406b-b8bc-4e9c63f002b7,malvern.dentist,premium,,,medium,low,7,,,,28/09/2026 16:50
363cbf38-54a7-4179-a866-71087d0e56e1,acinus.dentist,available,65.99,65.99,medium,low,6,namesilo,,,17/09/2026 01:46
4e952d9c-6305-4b76-8503-b5e7e332ca14,hadean.dentist,available,63.98,81.98,medium,low,6,namecheap,,,20/08/2026 21:32
db5cb40b-eba7-4fbd-a0b5-2ab1d419138d,greedy.dentist,available,63.98,81.98,high,low,6,namecheap,,,07/08/2026 22:09
4ca52639-5147-427b-a6db-4554c0389b1a,aes.dentist,available,50.2,50.2,high,low,3,cloudflare,,,29/09/2026 09:48
3ab429c5-ba6c-444e-a278-4aa6670133c9,blueish.dentist,available,63.98,81.98,medium,low,7,namecheap,,,22/09/2026 22:51
55cdf9fd-777f-4003-892a-8290c43b14c1,intern.dentist,premium,,,high,low,6,,,,28/09/2026 14:28
2fe9176c-ffb5-4a7d-9f1e-3a16fd444037,finer.dentist,available,63.98,81.98,high,low,5,namecheap,,,18/08/2026 04:49
c52d7e4c-c953-4110-9219-444706af649e,acadia.dentist,available,76.99,94.99,high,low,6,name.com,,,16/09/2026 20:28
cc14978b-f5d2-448c-ab7f-212dbc4061b1,chin.dentist,available,65.99,65.99,high,low,4,namesilo,,,29/09/2026 08:41
23756216-ce2d-4597-b8d8-e2bc791d245b,belonged.dentist,available,65.99,65.99,medium,low,8,namesilo,,,27/09/2026 10:31
13907099-be8d-47de-98bf-ff745aca2d5a,tousled.dentist,available,63.98,81.98,medium,low,7,namecheap,,,14/08/2026 11:02
fb84f7f9-2c70-4527-9c83-5b2a7855fe31,inversion.dentist,available,65.99,65.99,high,low,9,namesilo,,,19/09/2026 03:24
1878fcdc-ca4d-4f95-972d-c69dd57ca65b,lifting.dentist,available,50.2,50.2,high,low,7,cloudflare,,,28/09/2026 04:32
78514f11-c27b-4a80-99ab-b85046a43667,bastion.dentist,available,65.99,65.99,high,low,7,namesilo,,,22/09/2026 12:50
02de6549-0e0d-44aa-9a8f-1070e07ec212,kirk.dentist,available,65.99,65.99,high,low,4,namesilo,,,25/09/2026 08:51
d771ab0e-83a3-4b84-9ad3-c7669f2fa626,gritty.dentist,available,63.98,81.98,medium,low,6,namecheap,,,12/08/2026 14:03
4f3db421-591b-40f7-9a7e-61d9bb358827,parting.dentist,available,50.2,50.2,high,low,7,cloudflare,,,29/09/2026 13:17
a59e66ff-06fd-4f5a-a943-3820cd304602,alain.dentist,available,63.98,81.98,high,low,5,namecheap,,,27/09/2026 07:38
d28de55b-1606-47bc-851c-8d79de6a2668,bras.dentist,available,65.99,65.99,high,low,4,namesilo,,,17/09/2026 13:20
73a59fb2-b189-442d-995b-a4b9fb39abc8,assignee.dentist,available,65.99,65.99,high,low,8,namesilo,,,20/09/2026 16:23
c370480d-00bf-4f6b-80f6-b005bc580f9b,similarity.dentist,available,51.95,51.95,high,low,10,spaceship,,,29/09/2026 19:30
2578d60f-51e5-4194-946a-772d588d9d1e,achromic.dentist,available,63.98,81.98,medium,low,8,namecheap,,,
0c54ceec-beb8-41e7-af36-8a5f9e2de740,oberlin.dentist,available,51.95,51.95,high,low,7,spaceship,,,28/09/2026 04:20
5dc93ef2-c324-445a-9b19-2979a5c358a1,gouty.dentist,available,63.98,81.98,medium,low,5,namecheap,,,20/08/2026 17:18
d6338ba5-57d3-4edf-a9fc-4aa9fb8bd862,achievement.dentist,available,53.72,53.72,high,low,11,dynadot,,,28/09/2026 08:12
05b4a2bb-51e0-4e9e-8709-0131aeb37c9c,auto.dentist,premium,207.2,207.2,high,medium,4,spaceship,,,28/09/2026 23:23
631d5ffa-7db1-49d5-9d34-a6e8c5f6c8b6,independent.dentist,premium,250,,high,low,11,name.com,,,
9fb56bbf-b397-4bb4-a0e9-91d163bb8aa6,joyce.dentist,available,50.2,50.2,high,low,5,cloudflare,,,27/09/2026 14:23
b0ddd681-77a7-47dc-89d9-507a4f83ecdf,arrack.dentist,available,63.98,81.98,medium,low,6,namecheap,,,19/09/2026 23:47
f5cceddf-b253-4902-a1e3-d18e25a08fa1,tks.dentist,available,65.99,65.99,high,low,3,namesilo,,,
6910301c-d0c6-4563-b387-0c20d15d3550,xviii.dentist,available,65.99,65.99,high,low,5,namesilo,,,21/09/2026 12:00
e00f7cb8-bd06-4481-8e20-ed5a1dff8f8c,margin.dentist,available,63.98,81.98,high,low,6,namecheap,,,29/09/2026 01:09
8befa7c1-24fa-4c71-b5a2-711ce26d7cc4,steal.dentist,available,63.98,81.98,medium,low,5,namecheap,,,29/09/2026 05:35
2f67d1c0-d6b7-4528-8cb1-4c4c9c7de100,schizoid.dentist,available,63.98,81.98,medium,low,8,namecheap,,,09/09/2026 23:09
3db63880-3a19-4d9d-bf2b-f020c20d57e3,youngster.dentist,available,63.98,81.98,high,low,9,namecheap,,,25/08/2026 00:01
c93ce6cb-7d43-49ae-b98f-f9afb0a309c7,near.dentist,available,65.99,65.99,high,low,4,namesilo,,,23/09/2026 13:54
b506de9e-fc84-4107-861e-6b71e3efbc7b,baghdad.dentist,available,65.99,65.99,medium,low,7,namesilo,,,29/09/2026 00:27
745186a0-59e7-4867-9940-0b54dd6605ca,resent.dentist,available,53.72,53.72,high,low,6,dynadot,,,29/09/2026 20:46
35a36f48-34f8-41c5-b8cb-a8ecde53eaa9,markers.dentist,available,63.98,81.98,low,low,7,namecheap,,,29/09/2026 06:04
ec057631-110d-4a63-82c5-fae68f4e63bc,goonie.dentist,available,63.98,81.98,medium,low,6,namecheap,,,23/09/2026 23:45
923a47e0-1a48-4bbc-b7b1-092e37c3da67,sends.dentist,available,65.99,65.99,medium,low,5,namesilo,,,27/09/2026 03:02
0a51481c-615b-4e3a-b8e4-9e0562da4b3e,dependance.dentist,available,65.99,65.99,medium,low,10,namesilo,,,17/09/2026 06:55
dea8b262-3595-423c-9075-2c7d70e34d9a,beeline.dentist,available,65.99,65.99,high,low,7,namesilo,,,23/09/2026 01:18
8467804a-3324-41e5-9ae3-1b813228e2a5,niches.dentist,available,65.99,65.99,medium,low,6,namesilo,,,20/09/2026 09:56
9a3346cf-032e-4875-b6dd-b520f3aecfde,goodish.dentist,available,63.98,81.98,medium,low,7,namecheap,,,20/08/2026 16:34
45ce0d62-ae18-49ab-8c39-0d0cac06f429,marston.dentist,available,50.2,50.2,medium,low,7,cloudflare,,,28/09/2026 16:09
d8d2a374-c222-44f8-9a1e-5e9ae44386fe,plotting.dentist,available,53.72,53.72,medium,low,8,dynadot,,,29/09/2026 05:11
098eb6ee-52a7-4eb9-b2b9-490c38bf0ee2,pressed.dentist,available,76.99,94.99,high,low,7,name.com,,,27/09/2026 05:21
8cc3e080-a125-44c9-9962-9b3041a18716,lightwood.dentist,available,63.98,81.98,medium,low,9,namecheap,,,16/09/2026 20:15
4f091e6f-d029-4465-8387-26095d35fb39,constable.dentist,available,76.99,94.99,high,low,9,name.com,,,24/09/2026 17:31
f1386e36-24e1-4309-8ba7-6ed302898ce4,parka.dentist,available,65.99,65.99,high,low,5,namesilo,,,19/09/2026 11:41
917053c1-6cba-45b0-9449-841af8200f60,coronary.dentist,available,63.98,81.98,high,low,8,namecheap,,,13/08/2026 01:44
d661061c-1b91-4daf-bf33-5a5b273db572,titanic.dentist,available,63.98,81.98,high,low,7,namecheap,,,11/09/2026 16:30
204e8cb8-309d-488e-a937-f74d3bf4a5de,islets.dentist,available,65.99,65.99,medium,low,6,namesilo,,,29/09/2026 00:10
9e5a71b5-0502-4b31-bce9-dbf9571d079d,hurry.dentist,available,53.72,53.72,high,low,5,dynadot,,,27/09/2026 17:14
3ec5848e-1590-4476-9764-d4485ed3cbe0,crested.dentist,available,63.98,81.98,high,low,7,namecheap,,,13/08/2026 06:20
2fe77633-664e-42fd-bb04-263ce249fe9c,arenaria.dentist,available,63.98,81.98,medium,low,8,namecheap,,,20/09/2026 03:39
ecb8aba3-035a-4119-b8bd-fa14f42f5707,divorce.dentist,available,63.98,81.98,high,low,7,namecheap,,,14/08/2026 11:12
303ec3ce-5256-4df7-aa3c-7ffa3e21426e,expanded.dentist,available,63.98,81.98,high,low,8,namecheap,,,17/08/2026 17:57
74d21a1e-8fdb-4e6f-8b0a-b22f685e0ad0,rockville.dentist,premium,512,512,medium,low,9,namesilo,,,28/09/2026 16:09
ece633af-16da-4cde-90be-77ac93cea099,sting.dentist,available,63.98,81.98,high,low,5,namecheap,,,10/09/2026 20:46
89b0a3fd-5034-47b9-85d6-b0ed8e1e2d72,eagles.dentist,available,51.95,51.95,high,low,6,spaceship,,,28/09/2026 16:13
fe2d0067-9739-4117-a472-29c967b58e19,oscillations.dentist,available,51.95,51.95,low,low,12,spaceship,,,28/09/2026 12:58
e96b2b7b-1e3c-457b-9a1a-de0597ac4d55,autonomy.dentist,available,65.99,65.99,high,low,8,namesilo,,,21/09/2026 07:27
e4d8dab1-595b-4766-be4b-70436728170e,survey.dentist,premium,500,,high,low,6,name.com,,,
cfb4877f-b0bc-4821-9ba4-fb8935d9d8e4,horace.dentist,available,111.99,111.99,high,low,6,godaddy,,,28/09/2026 02:07
641529ce-3f25-43b2-b43a-e9b3e4369262,vat.dentist,available,65.99,65.99,high,low,3,namesilo,,,17/09/2026 05:53
ce034f44-c975-413f-a890-f910ed29b9be,arda.dentist,available,65.99,65.99,high,low,4,namesilo,,,17/09/2026 10:27
771bcb68-d2ef-419d-8492-8c2fbb8dbfc4,dogsit.dentist,available,65.99,65.99,high,low,6,namesilo,,,
cb323089-82f6-4cd0-8e45-85d6f345b09c,jamaican.dentist,available,63.98,81.98,high,low,8,namecheap,,,22/08/2026 12:11
143bb6c2-3628-4a3a-9d1f-712926a2d80c,carboxylic.dentist,available,63.98,81.98,medium,low,10,namecheap,,,11/08/2026 18:46
0ac2e3a5-6cb4-448c-90e5-08aed230b4a5,holocaust.dentist,available,51.95,51.95,medium,low,9,spaceship,,,29/09/2026 06:54
e6ff13bf-2421-4f8b-b0d7-7586f8bed1c7,hilly.dentist,available,63.98,81.98,high,low,5,namecheap,,,13/08/2026 04:46
a3297c17-2b0d-49a8-8db3-b3a843bf3743,recommended.dentist,available,65.99,65.99,medium,low,11,namesilo,,,28/09/2026 08:36
1ccd201c-c3d7-4867-8a18-9575f6589d6f,firedog.dentist,available,63.98,81.98,medium,low,7,namecheap,,,19/09/2026 04:06
c5bc0647-2ac0-408b-ad84-8d8fd14f853c,carver.dentist,available,65.99,65.99,high,low,6,namesilo,,,29/09/2026 11:53
309b9665-927b-4f9e-8329-88726d6da39c,luciano.dentist,available,50.2,50.2,medium,low,7,cloudflare,,,29/09/2026 05:56
8213d043-e30c-4468-bcc2-2ef79a79316f,foodless.dentist,available,63.98,81.98,medium,low,8,namecheap,,,18/08/2026 10:26
0d762dd4-dbaa-4cf6-af47-01028e191a66,propel.dentist,available,63.98,81.98,high,low,6,namecheap,,,09/09/2026 03:16
a3dc1519-9649-4cf0-a8f3-004e23a36c8d,faces.dentist,available,65.99,65.99,high,low,5,namesilo,,,
e8a364e7-8b32-44cb-b292-da0598e8aa22,cloven.dentist,available,63.98,81.98,medium,low,6,namecheap,,,10/08/2026 06:51
7d3cfb68-a989-4a32-82ae-ec62e838b9e2,quaternity.dentist,available,63.98,81.98,medium,low,10,namecheap,,,
34a447d6-ce9f-4569-a108-87d04b2b80c4,bistro.dentist,available,65.99,65.99,high,low,6,namesilo,,,23/09/2026 22:13
c9a0315f-c57a-435c-ae38-030fd0a5b2b9,gymnastic.dentist,available,63.98,81.98,high,low,9,namecheap,,,
8e64a7ad-f336-46e9-8b43-a9488e8a3ef6,oar.dentist,available,65.99,65.99,high,low,3,namesilo,,,
c3d2d790-6809-486f-96e8-f92e212f59be,saccharine.dentist,available,63.98,81.98,medium,low,10,namecheap,,,12/08/2026 12:48
ae0e950c-dcbd-453c-8161-66c8f7c9158f,spokesman.dentist,available,63.98,81.98,high,low,9,namecheap,,,29/09/2026 08:06
2af7313c-ef51-4fe1-8754-538622f590c2,packaged.dentist,available,63.98,81.98,high,low,8,namecheap,,,04/09/2026 22:44
00cd8c48-ccf6-478b-823e-76f435aca8b2,postscript.dentist,available,65.99,65.99,high,low,10,namesilo,,,17/09/2026 06:45
ddeabc47-4a65-4e06-8a49-56b4afef8352,strawberries.dentist,available,65.99,65.99,medium,low,12,namesilo,,,29/09/2026 23:41
37e3d93a-b9bb-4553-a34d-b0243af8b8b6,cypher.dentist,available,63.98,81.98,high,medium,6,namecheap,,,
aff7f581-7bb5-45d8-9f0b-11ba4ee08710,teeth.dentist,resell,,,high,low,5,"GoDaddy.com, LLC",15/11/2019 21:56,15/11/2026 21:56,26/09/2026 09:33
c27eea73-aa34-4e38-a2a4-dc39d9f66fe3,armorial.dentist,available,63.98,81.98,medium,low,8,namecheap,,,06/08/2026 20:15
6a6f65e6-99ba-492a-a569-af8f52a8c798,annalist.dentist,available,65.99,65.99,medium,low,8,namesilo,,,19/09/2026 10:03
bac15d2f-b1f4-4937-9e10-2b6c47a44dd4,crybaby.dentist,available,65.99,65.99,high,low,7,namesilo,,,23/09/2026 06:47
6ba16781-eb5c-49a6-b68c-3767b3b8b4f0,silesian.dentist,available,65.99,65.99,medium,low,8,namesilo,,,29/09/2026 03:15
203cba76-0196-4c9f-b9a1-261f1998fe96,bestiality.dentist,available,65.99,65.99,medium,low,10,namesilo,,,23/09/2026 10:39
58dafec6-56d7-41c4-9f39-63c9198ff205,immune.dentist,available,63.98,81.98,high,low,6,namecheap,,,21/08/2026 21:26
c5296144-aed3-48eb-b6bd-b16345a3d79e,mcneill.dentist,available,53.72,53.72,medium,low,7,dynadot,,,29/09/2026 04:34
e4746555-fff7-4754-a708-0729306b0b31,dumb.dentist,available,63.98,81.98,high,low,4,namecheap,,,14/08/2026 21:03
877abe5e-42e0-4ef7-8380-23359eef0ff6,barish.dentist,available,63.98,81.98,medium,low,6,namecheap,,,22/09/2026 06:05
a6ce94f8-adb3-46fa-b00f-badf78e7671d,armiger.dentist,available,65.99,65.99,medium,low,7,namesilo,,,20/09/2026 06:59
08ba2fb9-eda2-4b72-a777-e4fe09b351d0,pollution.dentist,available,65.99,65.99,medium,low,9,namesilo,,,23/09/2026 02:05
86f477fe-0ffd-4163-82a7-efe2a17a32c6,scrolls.dentist,available,51.95,51.95,medium,low,7,spaceship,,,30/09/2026 00:40
c78d1297-4604-4f1d-941f-c1b478042e35,normally.dentist,available,51.95,51.95,medium,low,8,spaceship,,,28/09/2026 14:10
6cabe250-df50-4fef-82a7-aaf795e11992,sandusky.dentist,premium,128.7,128.7,medium,low,8,namecheap,,,28/09/2026 22:26
1e109231-41cb-475c-913e-0ce7bf903b5f,rocking.dentist,available,51.95,51.95,high,low,7,spaceship,,,28/09/2026 15:55
9c28d8b5-8337-40ed-b3fa-6a77fd8cfb7b,crowley.dentist,premium,118.8,118.8,medium,low,7,namesilo,,,27/09/2026 01:51
fb22526b-eeba-4a28-926b-a47d93d95bb0,dreamy.dentist,available,63.98,81.98,high,low,6,namecheap,,,14/08/2026 18:48
433272a2-1d5b-4f75-b356-48dc4c442cd2,paintpot.dentist,available,76.99,,medium,low,9,name.com,,,
dfd731eb-1ea9-4481-a7fe-9e72d845abc5,ica.dentist,available,53.72,53.72,high,low,3,dynadot,,,28/09/2026 16:04
b148b63a-1bb3-4c86-ab53-cdabf8553f6f,unanimous.dentist,available,63.98,81.98,high,low,9,namecheap,,,12/08/2026 22:33
c24c5e1b-c227-474e-bc14-b901295a92c4,ner.dentist,available,51.95,51.95,high,low,3,spaceship,,,29/09/2026 14:31
73cf4dea-4f7e-465b-b8fd-4ffd20a17471,bret.dentist,available,65.99,65.99,medium,low,4,namesilo,,,29/09/2026 03:55
80205b88-f873-4c4a-8676-d02f5c5ade18,dormant.dentist,available,63.98,81.98,high,low,7,namecheap,,,
a4f61b72-ed72-434b-876d-153950c633f5,fag.dentist,available,63.98,81.98,high,low,3,namecheap,,,09/09/2026 08:03
4eb9cb28-aa24-4f0a-bb5e-818b7e7d9c3a,submissive.dentist,available,63.98,81.98,medium,low,10,namecheap,,,11/09/2026 00:25
ff26a438-871a-40f5-833b-6dc164facf50,senescence.dentist,available,65.99,65.99,medium,low,10,namesilo,,,17/09/2026 16:52
db75e646-df5e-4c8a-b535-dd5695e838b4,atonality.dentist,available,63.98,81.98,medium,low,9,namecheap,,,21/09/2026 00:25
484dabb8-8ae5-45c8-b742-d4281dba5e75,pathogenic.dentist,available,63.98,81.98,medium,low,10,namecheap,,,22/08/2026 04:17
75afbdc9-0bf1-47e1-97ce-6c7bd1512f45,upward.dentist,available,51.95,51.95,high,low,6,spaceship,,,28/09/2026 09:54
df2ac5c9-e861-469b-9fee-5872bdc7314a,afc.dentist,available,65.99,65.99,high,low,3,namesilo,,,28/09/2026 16:17
c08b48bf-8e11-4499-ba82-9baec2d039d0,suffers.dentist,available,63.98,81.98,low,low,7,namecheap,,,28/09/2026 17:03
54fa2e7d-9cac-462b-8072-505a794573c5,burrows.dentist,available,65.99,65.99,medium,low,7,namesilo,,,29/09/2026 03:16
ef3702dc-22fc-44d6-98be-8133fd1b7508,snack.dentist,available,53.72,53.72,high,low,5,dynadot,,,28/09/2026 06:30
85c7c5ce-53e8-4da3-be55-6e14d0fe5cc7,fla.dentist,premium,118.8,118.8,high,low,3,namesilo,,,
8ebc5592-90f6-4d01-b9f5-e9c5f60ac584,actinoid.dentist,available,63.98,81.98,medium,low,8,namecheap,,,
52ec686c-8c79-4ca1-bf7d-6fd1805b60c8,waterhouse.dentist,available,65.99,65.99,high,low,10,namesilo,,,28/09/2026 21:43
c2bfcfef-5c01-4a5a-80ad-4ea3a21a05a2,acerate.dentist,available,63.98,81.98,medium,low,7,namecheap,,,
e655e03e-1a1b-466e-a698-081943f81951,eldest.dentist,available,63.98,81.98,high,low,6,namecheap,,,16/08/2026 02:19
33e2e96e-04e1-4424-9f38-0adf179fe102,byers.dentist,available,65.99,65.99,medium,low,5,namesilo,,,29/09/2026 09:57
0b3f702a-c9a8-458d-a3c7-03c5fa410b74,eighth.dentist,available,63.98,81.98,high,low,6,namecheap,,,
cefc0b84-1e4b-4647-91f2-937529067ecc,billhook.dentist,available,65.99,65.99,medium,low,8,namesilo,,,23/09/2026 16:21
406f74a7-7353-490d-9c87-91f7d0f04ded,amoeboid.dentist,available,63.98,81.98,medium,low,8,namecheap,,,
511203ac-f3ac-4375-9ea6-2c4f96167d55,coldly.dentist,available,50.2,50.2,low,low,6,cloudflare,,,28/09/2026 14:07
9fea1964-ffa7-4ae5-8912-6ce53751e43e,baffled.dentist,available,63.98,81.98,medium,low,7,namecheap,,,07/08/2026 11:36
f72e8563-fca7-4b74-9522-834bf1b2d5f7,firebird.dentist,available,65.99,65.99,high,low,8,namesilo,,,22/09/2026 00:21
dfad39b0-da90-4e75-a42b-a3fd1f0ea543,official.dentist,available,65.99,65.99,high,low,8,namesilo,,,26/09/2026 00:05
8b8989c2-b523-4d7c-b0f5-5c57e6af36b9,spherical.dentist,available,63.98,81.98,high,low,9,namecheap,,,08/08/2026 10:21
530429e6-868c-43c2-a9b7-711d26493dd6,cashew.dentist,available,63.98,81.98,high,low,6,namecheap,,,19/09/2026 01:00
9ad8901b-3779-47d1-a546-63e782e6d5bd,cerebral.dentist,available,63.98,81.98,high,low,8,namecheap,,,12/08/2026 00:30
cd84417f-0fd8-44e2-8217-4f3769fdbc38,concluded.dentist,available,63.98,81.98,high,low,9,namecheap,,,
ff59baa6-c376-4b12-8789-2ea0582e0f89,splash.dentist,available,52.01,52.01,high,medium,6,porkbun,,,28/09/2026 10:43
45f052db-e412-4922-ac9f-1c3c468e6fa4,deniable.dentist,available,63.98,81.98,medium,low,8,namecheap,,,14/08/2026 01:50
11d59d51-198f-498b-b8bc-c2ee4df7b424,epochal.dentist,available,63.98,81.98,medium,low,7,namecheap,,,17/08/2026 11:24
daab2528-7e12-4f5c-a20d-639b1488e182,vacations.dentist,premium,242,242,medium,low,9,namesilo,,,20/09/2026 00:12
eaf07a05-9a43-439f-bff8-f1aed708f407,deemed.dentist,available,65.99,65.99,high,low,6,namesilo,,,29/09/2026 23:04
e9150bf3-100b-4d54-a4d6-38e03e59f8fd,emboldened.dentist,available,63.98,81.98,high,low,10,namecheap,,,16/08/2026 10:22
0e0b2c84-b0fd-420a-bc2c-376ccb9ad16e,superhuman.dentist,available,63.98,81.98,high,low,10,namecheap,,,11/09/2026 02:16
522f1be2-a573-4792-96f5-72f94ecbdd5d,laxly.dentist,available,63.98,81.98,low,low,5,namecheap,,,15/09/2026 11:08
99290855-5180-42cd-a287-233056ed70da,altace.dentist,available,63.98,81.98,medium,low,6,namecheap,,,18/09/2026 14:31
6d78198b-abc3-42c0-a408-63980a21e1bc,economic.dentist,available,65.99,65.99,high,low,8,namesilo,,,24/09/2026 13:22
1e522898-6b6e-43da-99d5-8b09a1c582e3,sophia.dentist,available,63.98,81.98,high,low,6,namecheap,,,28/09/2026 07:06
128420b1-c70f-4c08-a81f-25dcf925bd0a,pbs.dentist,premium,118.8,118.8,high,low,3,namesilo,,,25/09/2026 09:49
608983f0-af84-4f1c-a33b-d5d2f86dfe9a,gomad.dentist,available,65.99,65.99,medium,low,6,namesilo,,,20/09/2026 00:44
2ffcf0ad-4bcb-44b5-b8ed-979d7271c375,held.dentist,available,63.98,81.98,high,low,4,namecheap,,,21/08/2026 06:19
3deee8a6-be39-41af-99c9-630fae820809,prone.dentist,available,63.98,81.98,medium,low,5,namecheap,,,27/09/2026 07:37
1d4da159-ac6f-4d28-8014-f8ae7f9d386f,ototoxic.dentist,available,63.98,81.98,medium,low,8,namecheap,,,04/09/2026 18:36
63f8b7d3-4926-44e8-b0b4-bd7edb5f9d1b,earlier.dentist,available,65.99,65.99,high,low,7,namesilo,,,24/09/2026 12:52
e9c308b1-f094-4576-8ee2-9dcca1699180,smoggy.dentist,available,63.98,81.98,medium,low,6,namecheap,,,10/09/2026 11:52
de15398c-c4e1-4ed6-9b59-762ef2961538,pierogi.dentist,available,63.98,81.98,high,low,7,namecheap,,,17/09/2026 14:55
16353e13-ce6c-4d6a-882b-437d4a4342d4,alidad.dentist,available,65.99,65.99,medium,low,6,namesilo,,,18/09/2026 07:31
73f69f49-6aaf-46ef-93f2-b9dfd0089473,eerie.dentist,available,63.98,81.98,high,low,5,namecheap,,,15/08/2026 12:43
d264b518-1d68-4775-a9fb-5d5604850a10,landed.dentist,available,63.98,81.98,high,low,6,namecheap,,,22/08/2026 19:22
24b9a063-5d28-4ccc-bdb6-17b3653f5f83,finishing.dentist,available,65.99,65.99,high,low,9,namesilo,,,27/09/2026 03:58
1bf7ff24-3631-417c-ae38-6d60e93b4002,tunica.dentist,available,65.99,65.99,medium,low,6,namesilo,,,17/09/2026 10:35
28253f75-2032-44a5-9236-5ae7baccdb82,surrogate.dentist,available,65.99,65.99,high,low,9,namesilo,,,22/09/2026 02:27
9c14c456-4c56-4f41-843a-a2b47043f19c,aegina.dentist,available,65.99,65.99,medium,low,6,namesilo,,,17/09/2026 12:15
72063d45-109c-408c-9c7a-cbfb01059861,stalin.dentist,available,50.2,50.2,medium,low,6,cloudflare,,,29/09/2026 13:10
900db1b0-1b70-42f6-9389-6aba34f82401,antares.dentist,available,63.98,81.98,high,low,7,namecheap,,,19/09/2026 12:34
cd05d052-15f3-44e5-9da2-01af79ea3197,disobedience.dentist,available,65.99,65.99,high,low,12,namesilo,,,16/09/2026 12:19
599ac6fa-5c06-4f20-a59d-43fe00d45543,editor.dentist,available,65.99,65.99,high,low,6,namesilo,,,25/09/2026 05:10
7e86de72-bcdc-490a-b545-ab0bd7552728,consumers.dentist,available,65.99,65.99,medium,low,9,namesilo,,,29/09/2026 02:36
809c10f4-47de-46bd-868e-22be3805f149,narrative.dentist,available,63.98,81.98,high,low,9,namecheap,,,03/09/2026 13:16
5e918044-8d35-41a3-8a2c-498f609c070b,unsung.dentist,available,63.98,81.98,medium,low,6,namecheap,,,12/09/2026 20:49
93cae17f-5562-47a5-87bc-fad02c765c22,marvel.dentist,available,76.99,,high,low,6,name.com,,,
4b529b70-2991-421b-8fd0-d36607648b85,practically.dentist,available,65.99,65.99,high,low,11,namesilo,,,25/09/2026 11:39
26826858-80e5-44b2-8b21-1031bc266829,asceticism.dentist,available,65.99,65.99,high,low,10,namesilo,,,20/09/2026 13:08
9c7dfb5c-65e4-4a01-8baf-ee7014d1b6cb,stunningly.dentist,available,65.99,65.99,medium,low,10,namesilo,,,16/09/2026 06:09
5bcd6cdd-ddab-42d8-a655-d304474b45b3,dinkey.dentist,available,63.98,81.98,medium,low,6,namecheap,,,14/08/2026 08:16
9345fd62-9fdb-4380-8697-adf12acb6423,forster.dentist,available,65.99,65.99,medium,low,7,namesilo,,,26/09/2026 03:41
5e4f761d-509a-459a-9c83-ee8df92ddad5,macho.dentist,available,63.98,81.98,high,low,5,namecheap,,,11/08/2026 11:31
b618124b-137a-4486-bc16-74737058a566,atheneum.dentist,available,63.98,81.98,high,low,8,namecheap,,,20/09/2026 20:41
838ac940-ca05-4425-9722-abf707dc2560,bridgeable.dentist,available,63.98,81.98,medium,low,10,namecheap,,,11/08/2026 04:00
a9aff675-7e62-42be-95cf-fb9b1d2ab018,encased.dentist,available,63.98,81.98,medium,low,7,namecheap,,,11/08/2026 20:06
230ef015-26a9-4948-b919-380b5e75f320,ramble.dentist,available,63.98,81.98,high,low,6,namecheap,,,10/09/2026 22:10
7fb96adb-7648-4de7-b52f-a418d8a2ad22,esfahan.dentist,available,65.99,65.99,medium,low,7,namesilo,,,20/09/2026 14:33
23c4860e-b1e0-4726-82d7-0edbfa4e2993,fanlike.dentist,available,63.98,81.98,medium,low,7,namecheap,,,17/08/2026 22:07
c6ef90a5-5a39-463e-9533-e35552f27555,ignited.dentist,available,63.98,81.98,high,low,7,namecheap,,,17/08/2026 09:20
0060edcc-cfc8-40d1-86eb-5e8366c14b43,robbed.dentist,available,65.99,65.99,low,low,6,namesilo,,,27/09/2026 02:44
1b93835c-fa22-4daf-b739-ba5a6e16a6b2,classroom.dentist,premium,118.8,118.8,high,low,9,namesilo,,,29/09/2026 09:53
1963eaf0-9245-41ee-bb0e-6d450bd04afd,shrewd.dentist,available,65.99,65.99,high,low,6,namesilo,,,22/09/2026 10:37
6d519d12-def4-485c-96e7-083257587436,fuscous.dentist,available,63.98,81.98,medium,low,7,namecheap,,,18/08/2026 19:02
0baa2633-834b-4975-a02c-d58d042bf2c5,copasetic.dentist,available,63.98,81.98,medium,low,9,namecheap,,,13/08/2026 00:20
d6c2a8ba-37c1-485d-af63-c89b79db5af7,plates.dentist,premium,242,242,medium,low,6,namesilo,,,27/09/2026 02:22
28f2b052-6c35-4d27-9263-20c24a341c64,performing.dentist,available,63.98,81.98,high,low,10,namecheap,,,
4a6fb47d-48b3-4e79-b5af-eb7558e749b7,starboard.dentist,available,63.98,81.98,high,low,9,namecheap,,,10/09/2026 18:46
fe67a1f1-e21b-4fb8-8d60-04dbdd63bf68,griffith.dentist,premium,118.8,118.8,high,low,8,namesilo,,,25/09/2026 04:33
f4207f78-b61e-4f7c-98a9-7c9c2679da0a,alright.dentist,available,65.99,65.99,high,low,7,namesilo,,,22/09/2026 01:15
bc0b27e3-1295-448a-967c-5882cba2afcd,accident.dentist,available,51.95,51.95,medium,low,8,spaceship,,,28/09/2026 17:24
00ee7783-a380-4920-956f-b42a46359f93,lung.dentist,available,51.95,51.95,high,low,4,spaceship,,,27/09/2026 14:50
4d22a13b-0d74-4008-bbee-83cb3ee61c53,streaky.dentist,available,63.98,81.98,medium,low,7,namecheap,,,10/09/2026 22:22
6997d348-17e1-441e-8fe1-977b6ed8fe70,phrenetic.dentist,available,63.98,81.98,medium,low,9,namecheap,,,18/08/2026 14:19
fa0c2c57-1a1a-4ff1-9051-64fb17122538,prophet.dentist,available,65.99,65.99,high,low,7,namesilo,,,28/09/2026 02:52
48e232e7-7f06-4ad0-9962-33e77ce43a89,gray.dentist,premium,118.8,118.8,high,low,4,namesilo,,,24/09/2026 22:57
390508db-147b-426f-be99-91b19a974951,authorized.dentist,available,65.99,65.99,high,low,10,namesilo,,,22/09/2026 13:48
0f4a0de5-63c3-430e-92c0-b32a8b90b84c,ninefold.dentist,available,63.98,81.98,medium,low,8,namecheap,,,03/09/2026 17:31
4e8d1005-3750-4ebe-9d4b-68249c8ff069,arb.dentist,available,65.99,65.99,high,low,3,namesilo,,,20/09/2026 00:31
b0b43722-4e35-49ca-a581-164252bafa10,plenteous.dentist,available,63.98,81.98,medium,low,9,namecheap,,,08/09/2026 21:08
d2db8b81-0610-43e3-9607-d673746f633a,seminar.dentist,premium,,,high,low,7,,,,28/09/2026 06:44
6b507f52-ccff-43b8-89ea-c398a9ada274,vulvar.dentist,available,63.98,81.98,medium,low,6,namecheap,,,13/09/2026 07:29
17e5750c-3320-4242-a4f9-a915455546de,ballpoint.dentist,available,65.99,65.99,high,low,9,namesilo,,,21/09/2026 23:21
3eff9a07-c5bd-4efa-8869-e090902466db,bumps.dentist,available,53.72,53.72,medium,low,5,dynadot,,,30/09/2026 00:29
371706dd-1095-4df1-b5e5-34441e3875d8,unoccupied.dentist,available,63.98,81.98,medium,low,10,namecheap,,,12/09/2026 16:09
fc1b2c0d-5b78-4ae0-b166-99643ff2ef86,coexisting.dentist,available,63.98,81.98,medium,low,10,namecheap,,,12/08/2026 15:32
61e5f861-9f7e-4fcd-9c51-024ffcb8f6e9,away.dentist,available,63.98,81.98,high,low,4,namecheap,,,22/09/2026 14:52
321fc846-d7a2-4a1e-80cd-83af81efe896,undoable.dentist,available,63.98,81.98,medium,low,8,namecheap,,,11/09/2026 23:41
35f73132-da86-4f8c-8ec1-bd552e825ceb,sixtieth.dentist,available,63.98,81.98,high,low,8,namecheap,,,
5895cbe2-4985-434f-a5f2-d72e271d57fe,backband.dentist,available,65.99,65.99,medium,low,8,namesilo,,,21/09/2026 14:57
3a9c7902-e26e-463e-ad32-f2258ec02301,shore.dentist,premium,242,242,high,low,5,namesilo,,,26/09/2026 00:07
2677ca9d-1ad3-40b1-816e-e9b4c4128f89,persistence.dentist,available,65.99,65.99,high,low,11,namesilo,,,
49e8504b-9f78-4001-8a26-8ecffab7f714,unholy.dentist,available,63.98,81.98,medium,low,6,namecheap,,,14/08/2026 01:33
825f9b3c-0273-4968-95a6-504d8f1985ed,squeaking.dentist,available,63.98,81.98,medium,low,9,namecheap,,,10/09/2026 00:03
78cd29a1-5856-4c31-b762-429f67252025,brazilian.dentist,premium,242,242,high,low,9,namesilo,,,11/08/2026 02:57
3bb7f32c-99bf-47c8-84bb-a729f6ba8e61,affiliates.dentist,available,65.99,65.99,high,low,10,namesilo,,,21/09/2026 06:56
4f0f7695-cd5c-42e7-a2db-d293e1c8285b,diabolical.dentist,available,63.98,81.98,medium,low,10,namecheap,,,14/08/2026 01:30
69d33487-caef-4958-a7e1-86c06de2469a,birthplace.dentist,available,63.98,81.98,high,low,10,namecheap,,,23/09/2026 21:18
087a4148-81e1-4e50-af03-69f21493852a,whose.dentist,available,65.99,65.99,high,low,5,namesilo,,,
9d3bbb1f-a95a-45bf-a1ad-5b168ec8095c,untamed.dentist,available,63.98,81.98,medium,low,7,namecheap,,,12/09/2026 20:55
4cb2d752-c6b8-4f33-b2ef-b7280ea37490,unfit.dentist,available,63.98,81.98,medium,low,5,namecheap,,,12/09/2026 10:23
f00150d6-573e-419b-974b-4770b5f60dd7,collegiate.dentist,available,63.98,81.98,high,low,10,namecheap,,,12/08/2026 17:08
00cb55ef-c6a6-4d83-8efa-7126d3562489,underdone.dentist,available,63.98,81.98,medium,low,9,namecheap,,,12/09/2026 07:24
8c82c024-6701-446e-89d7-076a022b3ce8,bug.dentist,available,51.95,51.95,high,low,3,spaceship,,,29/09/2026 00:24
8d352529-0765-428d-85e3-7e83da13b048,hair.dentist,available,53.72,53.72,high,low,4,dynadot,,,29/09/2026 20:14
28c1ae94-23ee-43cf-ab97-914faf95e965,soppy.dentist,available,63.98,81.98,medium,low,5,namecheap,,,09/08/2026 01:14
bd876f78-9c22-4f6e-bca5-15865153a5a7,debacle.dentist,available,63.98,81.98,medium,low,7,namecheap,,,13/09/2026 07:56
b254aa19-9f16-4557-92a3-77bd41d3751a,punt.dentist,available,63.98,81.98,high,low,4,namecheap,,,18/08/2026 19:54
b9abb767-9804-4dac-8651-4e35477395c2,algolagnia.dentist,available,63.98,81.98,medium,low,10,namecheap,,,18/09/2026 07:07
fa652ff9-874c-44b6-8b27-e6bf4bbf2f86,description.dentist,available,65.99,65.99,high,low,11,namesilo,,,
e3c582b1-39ae-4d82-9fea-a8da3a9c5461,sentient.dentist,available,63.98,81.98,high,medium,8,namecheap,,,10/09/2026 03:52
a3aeb12c-c2aa-4b36-b460-1c01a9ceb4cd,tells.dentist,available,65.99,65.99,medium,low,5,namesilo,,,18/09/2026 14:10
795fbcb9-b074-41be-bccc-d1abcfbef61c,donkey.dentist,available,51.95,51.95,high,low,6,spaceship,,,29/09/2026 16:28
2285d431-d4d4-4ba6-9c83-aaf36e8c4862,goddess.dentist,available,51.95,51.95,high,low,7,spaceship,,,27/09/2026 13:50
dea61dea-8340-402c-8bd1-03045d4f8133,sending.dentist,available,65.99,65.99,high,low,7,namesilo,,,25/09/2026 10:37
17878f54-7484-4f82-8905-bbc9e1a902c0,kitty.dentist,available,65.99,65.99,high,low,5,namesilo,,,25/09/2026 23:15
986d6805-6081-49b5-aae2-3995108139d0,chinquapin.dentist,available,65.99,65.99,medium,low,10,namesilo,,,18/09/2026 10:57
db90d368-a3bf-4e99-bd64-99ab04bd9db8,urged.dentist,available,65.99,65.99,medium,low,5,namesilo,,,19/09/2026 03:59
2c64c55c-a8e4-4f4f-a737-94f5c94e538a,bhutani.dentist,available,63.98,81.98,medium,low,7,namecheap,,,09/08/2026 18:26
d7bf1791-945c-4f11-a858-ee5f1ee05990,shiner.dentist,available,65.99,65.99,medium,low,6,namesilo,,,24/09/2026 00:40
06c5692d-3dbc-448d-ba88-7afa61060655,charitably.dentist,available,63.98,81.98,medium,low,10,namecheap,,,14/09/2026 06:19
f2636384-a1eb-4d36-b5dc-72162c09ed0d,whacky.dentist,available,63.98,81.98,medium,low,6,namecheap,,,06/08/2026 21:32
1871e3b3-acf7-4eba-8feb-60de7ad34463,dishcloth.dentist,available,63.98,81.98,high,low,9,namecheap,,,24/09/2026 22:40
49f07357-d32f-4903-8287-4311363923ee,altissimo.dentist,available,63.98,81.98,medium,low,9,namecheap,,,
b937aae3-6a89-44b5-9332-5ee17eadbcb2,staying.dentist,available,65.99,65.99,high,low,7,namesilo,,,25/09/2026 12:05
816eb497-fbc6-4144-b9ce-c4335b0c73b7,tokugawa.dentist,available,50.2,50.2,low,low,8,cloudflare,,,28/09/2026 09:08
1cf24b04-53cc-481b-8e2d-2d47b6560b89,megalithic.dentist,available,63.98,81.98,medium,low,10,namecheap,,,24/08/2026 19:24
3b032b2b-41c9-4339-a7b3-2e83fb04f47a,martian.dentist,available,63.98,81.98,high,low,7,namecheap,,,24/08/2026 16:37
f5f3643a-aba5-4401-bce0-3a14bc18c658,railways.dentist,available,65.99,65.99,medium,low,8,namesilo,,,18/09/2026 22:58
d0b417fc-95bc-4bb7-9fc6-28f8436e6fd6,modify.dentist,available,63.98,81.98,high,low,6,namecheap,,,29/09/2026 06:19
5ebde634-b0ec-48c6-8900-61bc64172918,enemies.dentist,available,63.98,81.98,medium,low,7,namecheap,,,25/09/2026 17:51
fe0b7c0a-8ae8-4fae-969e-f445457c1262,throated.dentist,available,63.98,81.98,medium,low,8,namecheap,,,11/09/2026 14:39
37313cfb-97e3-46c8-8689-3523a59304ea,puzzles.dentist,available,65.99,65.99,medium,low,7,namesilo,,,18/09/2026 10:35
0fb866bb-82db-4e44-a146-6143acbcd375,neighbour.dentist,available,65.99,65.99,high,low,9,namesilo,,,
2c4ce289-acd4-4dde-9611-37c7b09fad4b,permanently.dentist,available,65.99,65.99,high,low,11,namesilo,,,28/09/2026 07:19
36e98d32-13a4-44d0-8be5-20fca81e1f31,nance.dentist,available,63.98,81.98,medium,low,5,namecheap,,,09/09/2026 08:05
5971789b-7f6c-4e5b-b7ba-b12f89e931c4,thumb.dentist,available,65.99,65.99,high,low,5,namesilo,,,25/09/2026 22:48
c10d3f5d-b969-495b-9199-ac2562fee816,antefix.dentist,available,63.98,81.98,medium,low,7,namecheap,,,19/09/2026 12:49
435690b9-dcc5-462d-97d1-0b07cb6a09f3,lying.dentist,available,65.99,65.99,high,low,5,namesilo,,,
2cba74da-67d6-43c9-8d83-773cf0b7eeeb,lister.dentist,available,65.99,65.99,medium,low,6,namesilo,,,22/09/2026 07:14
ca5de405-f1aa-4d83-8f2f-9e02f7beaf22,almoner.dentist,available,65.99,65.99,medium,low,7,namesilo,,,18/09/2026 12:40
f68e05f5-aa11-4749-8cb2-499e969b5b1c,afterbirth.dentist,available,65.99,65.99,medium,low,10,namesilo,,,17/09/2026 15:34
e6a064be-4e62-47ea-8c7f-37722f82aaa9,dystopian.dentist,available,63.98,81.98,medium,low,9,namecheap,,,14/08/2026 22:10
d14b4e64-6514-4b82-a487-474f130d5594,pharmacy.dentist,available,65.99,65.99,high,low,8,namesilo,,,28/09/2026 21:46
215a5770-ce72-41a4-86a3-296c9131933c,bugs.dentist,available,65.99,65.99,high,low,4,namesilo,,,25/09/2026 12:21
8a8ac5f5-3e5c-4bfa-8072-ca4e434b8e52,beet.dentist,available,65.99,65.99,high,low,4,namesilo,,,23/09/2026 01:49
0e8a9213-c905-4aaa-a156-98ed6ad176bc,inward.dentist,available,63.98,81.98,high,low,6,namecheap,,,21/08/2026 23:34
496c41b0-2ea8-4819-bb1b-00a6456d5268,tubal.dentist,available,63.98,81.98,medium,low,5,namecheap,,,11/09/2026 20:53
bb8597b7-f4f9-42b6-94c9-2a25b203c81c,energiser.dentist,available,65.99,65.99,medium,low,9,namesilo,,,19/09/2026 09:08
d444d797-abc0-4b5f-ae06-9e761eb266b8,doj.dentist,available,51.95,51.95,high,low,3,spaceship,,,29/09/2026 12:03
649453af-5f12-4883-82b6-c4150ddcc3d2,summery.dentist,available,63.98,81.98,high,low,7,namecheap,,,11/09/2026 01:38
65faaee4-98a0-4581-a133-800dcb8466d6,capably.dentist,available,63.98,81.98,medium,low,7,namecheap,,,13/09/2026 16:22
f867fa38-995f-4681-98b3-24003b9fcac5,wiry.dentist,available,63.98,81.98,medium,low,4,namecheap,,,10/09/2026 22:42
6ea6bd94-0a3d-4276-aefb-78a82dd0331b,slack.dentist,available,63.98,81.98,high,low,5,namecheap,,,22/08/2026 21:24
9019af38-f941-467b-8408-5b9770a8b8b2,maybe.dentist,available,51.95,51.95,high,low,5,spaceship,,,28/09/2026 16:19
e586c565-32b7-44f9-b6a7-93f9214ccdaf,intercede.dentist,available,63.98,81.98,high,low,9,namecheap,,,22/08/2026 08:12
82facc25-53ac-45be-8b15-bfa0e6f8f39f,swedish.dentist,premium,242,242,high,low,7,namesilo,,,11/09/2026 05:29
bd1671b1-23d0-439d-936c-7c0eebfb86ad,feral.dentist,available,63.98,81.98,high,low,5,namecheap,,,18/08/2026 01:10
a04f4fc4-4c87-494c-8bda-cab634ed83d2,barth.dentist,available,65.99,65.99,medium,low,5,namesilo,,,22/09/2026 09:03
32d07076-00b1-45b4-b24d-0699d0b2ae42,gain.dentist,available,65.99,65.99,high,low,4,namesilo,,,23/09/2026 07:57
d4417bcc-e505-41aa-96d1-fede1af3e997,past.dentist,available,65.99,65.99,high,low,4,namesilo,,,27/09/2026 02:57
1bb57018-62cc-4be2-ba04-e5e147e8aed8,negotiated.dentist,available,63.98,81.98,medium,low,10,namecheap,,,29/09/2026 23:38
85cab68e-5526-4943-91eb-bc9c033b8534,campground.dentist,available,65.99,65.99,high,low,10,namesilo,,,24/09/2026 11:56
0cd69450-c3eb-4f50-83f9-878348258447,brittle.dentist,available,63.98,81.98,medium,low,7,namecheap,,,11/08/2026 03:47
7c653b85-548b-4740-9858-60a289fffd92,jefferson.dentist,premium,242,242,high,low,9,namesilo,,,25/09/2026 23:16
108a3cc5-2585-4822-b895-78340d958b26,readily.dentist,available,63.98,81.98,medium,low,7,namecheap,,,15/09/2026 21:42
38deb4d1-49c4-4ec9-8e95-1af8da597afb,trousers.dentist,available,65.99,65.99,high,low,8,namesilo,,,
b2efa9a0-4126-4a5b-9315-836bb4784047,frameworks.dentist,available,51.95,51.95,high,low,10,spaceship,,,28/09/2026 00:38
be925343-1128-4342-b4c5-404b5ad64129,bergenia.dentist,available,65.99,65.99,medium,low,8,namesilo,,,23/09/2026 09:20
2648fc7f-90e2-4b99-9e11-9caf1820a505,destroyed.dentist,available,65.99,65.99,medium,low,9,namesilo,,,24/09/2026 07:01
cc9f3eff-f11b-4883-9b7f-36de75d93b8b,pamper.dentist,available,53.72,53.72,high,low,6,dynadot,,,29/09/2026 00:06
dcb3a15b-6442-4fff-b827-e59b33784e5a,gur.dentist,available,63.98,81.98,medium,low,3,namecheap,,,13/09/2026 06:52
e9bdb8f6-a016-4eb9-b6ba-b5a1aca5ec00,aphoristic.dentist,available,63.98,81.98,medium,low,10,namecheap,,,05/08/2026 23:31
bd1cd940-fd40-482f-86f6-91d4b96a6534,potsdam.dentist,available,65.99,65.99,high,low,7,namesilo,,,27/09/2026 15:23
572031d1-1a82-44c0-a899-abb1a35fa902,before.dentist,available,65.99,65.99,high,low,6,namesilo,,,21/09/2026 23:34
4b58ab49-a6a7-40d0-87c1-937cfb31aea6,romans.dentist,available,51.95,51.95,medium,low,6,spaceship,,,28/09/2026 19:05
ce18e7a0-6fa3-4f52-b8c8-710a53bbc3d3,auberge.dentist,available,63.98,81.98,high,low,7,namecheap,,,21/09/2026 02:29
d5af9ed5-1a2d-4f3f-9fe7-4207a1512285,inspector.dentist,available,65.99,65.99,high,low,9,namesilo,,,25/09/2026 07:48
5f38be2b-745e-4656-8eac-c5b116075a9c,astana.dentist,available,65.99,65.99,medium,low,6,namesilo,,,18/09/2026 00:11
2cba2406-e866-4662-afcd-f9a17f10b106,pintail.dentist,available,63.98,81.98,medium,low,7,namecheap,,,19/09/2026 02:52
f7ea8499-45d0-4fec-b034-118a92ac53aa,docking.dentist,available,65.99,65.99,high,low,7,namesilo,,,29/09/2026 06:41
c350298f-05b6-478c-8cf3-69e9568ca599,misery.dentist,available,65.99,65.99,medium,low,6,namesilo,,,27/09/2026 04:46
d5cdd10d-4654-4a95-8013-aac609c04424,misused.dentist,available,63.98,81.98,medium,low,7,namecheap,,,25/08/2026 01:56
9da60947-9fec-42c0-a529-5a49534b215e,stu.dentist,available,52.01,52.01,high,low,3,porkbun,,,29/09/2026 03:33
8bd5e860-a4c4-48e4-a17c-c6bce85aa850,baleen.dentist,available,63.98,81.98,medium,low,6,namecheap,,,21/09/2026 21:51
ab019b52-5c1b-435a-b6e0-00d6d906c449,buster.dentist,available,51.95,51.95,high,low,6,spaceship,,,29/09/2026 00:10
647edd14-93a5-468f-b8bc-9deb62067e6c,leeds.dentist,premium,,,high,low,5,,,,29/09/2026 13:17
1b1d0e87-57ca-4ef5-a1eb-c555fb40e1ef,bns.dentist,available,65.99,65.99,high,low,3,namesilo,,,21/09/2026 14:15
8b4dcca0-c563-4ff3-9f93-7073ff905dc9,windup.dentist,available,63.98,81.98,high,low,6,namecheap,,,13/09/2026 12:18
f6c5c48b-3045-460b-9641-f306efc52b11,stability.dentist,available,52.01,52.01,high,low,9,porkbun,,,29/09/2026 11:16
a6e080e9-d79d-4ebf-a26c-3e6e5eb48731,pluses.dentist,available,65.99,65.99,medium,low,6,namesilo,,,21/09/2026 02:09
4dd49f99-da64-4fa8-9138-a04f59e2fd45,crepuscle.dentist,available,63.98,81.98,medium,low,9,namecheap,,,11/09/2026 21:50
20fc6749-5ba9-403d-a313-1b2ff274729f,mortgaged.dentist,available,63.98,81.98,medium,low,9,namecheap,,,25/08/2026 06:38
2fddb25c-a7e3-4e95-acb8-ac9df8635568,artemis.dentist,available,65.99,65.99,high,medium,7,namesilo,,,20/09/2026 10:12
b49f1d8e-4964-4f38-b076-4e87c55790c4,grades.dentist,available,50.2,50.2,high,low,6,cloudflare,,,27/09/2026 11:23
a9e9c8e5-b6a6-44dc-bf21-3d6f3b1097b4,claws.dentist,available,52.01,52.01,medium,low,5,porkbun,,,28/09/2026 17:19
4ba0c030-db46-4fbc-9987-ad5ea8090f8a,passing.dentist,available,63.98,81.98,high,low,7,namecheap,,,24/09/2026 14:24
afe049e0-c31e-4ae9-a2af-a470e536649a,gaslit.dentist,available,65.99,65.99,medium,low,6,namesilo,,,17/09/2026 16:25
d8e1bf1b-4727-4638-93c0-a2baf765c0a8,opens.dentist,available,65.99,65.99,high,low,5,namesilo,,,18/09/2026 23:02
85cfd08f-93e5-4c1d-9011-b03c2eaa6d16,emotionally.dentist,available,50.2,50.2,high,low,11,cloudflare,,,27/09/2026 17:53
0870f957-4276-439f-b6d2-cd92ec3a3b53,spanking.dentist,available,63.98,81.98,high,low,8,namecheap,,,11/08/2026 04:33
bff8ed81-6e9b-48b8-90e2-ecd49c7715af,generators.dentist,available,65.99,65.99,medium,low,10,namesilo,,,
21be5a2a-46ec-49cf-ba4f-20d85e49831e,listener.dentist,available,65.99,65.99,high,low,8,namesilo,,,21/09/2026 01:30
1ba92609-5eeb-448f-94a7-42809857a641,americans.dentist,available,63.98,81.98,medium,low,9,namecheap,,,08/09/2026 06:41
55405ac8-b061-4766-a4b5-0163d715b0b1,batsman.dentist,available,65.99,65.99,medium,low,7,namesilo,,,22/09/2026 14:19
bb257c25-46a2-4662-b596-3da50a1735eb,freeze.dentist,available,65.99,65.99,high,low,6,namesilo,,,25/09/2026 22:53
295fad82-d375-4f2a-a4a9-b37cfafeabd6,relaxation.dentist,available,51.95,51.95,high,low,10,spaceship,,,29/09/2026 12:08
d25bf1c2-44b2-482e-bc28-f57ce0b74c87,flawless.dentist,available,63.98,81.98,high,low,8,namecheap,,,18/08/2026 07:19
b7d94a59-71bd-4d67-9b18-e17388c65dc6,porous.dentist,available,63.98,81.98,medium,low,6,namecheap,,,21/08/2026 10:25
b571012e-9e12-4ba0-b971-0a4389aed9ad,either.dentist,available,65.99,65.99,medium,low,6,namesilo,,,28/09/2026 14:39
a9fc4b62-8d35-47d0-92e0-f6969c3feb90,inhabit.dentist,available,63.98,81.98,high,low,7,namecheap,,,24/08/2026 07:51
fa59c78e-4a9e-43b2-8bac-b303516b57e5,dike.dentist,available,63.98,81.98,medium,low,4,namecheap,,,11/08/2026 11:33
f3254666-22a2-46cc-9af9-d9c86ce612a8,parented.dentist,available,63.98,81.98,high,low,8,namecheap,,,08/09/2026 01:16
6fa2cee2-9817-4418-9420-b60b0f10ded1,pathological.dentist,available,51.95,51.95,medium,low,12,spaceship,,,29/09/2026 21:08
81577a47-e689-4bb6-aaec-5710817bfead,jehovah.dentist,available,63.98,81.98,high,low,7,namecheap,,,
9adc60d8-5ce4-4128-97ca-aa1a18e5d505,kind.dentist,premium,242,242,high,low,4,namesilo,,,25/09/2026 12:40
27c3c63a-f1c4-412b-929e-8872bb5e42f6,berkshires.dentist,available,65.99,65.99,medium,low,10,namesilo,,,23/09/2026 09:35
750a250c-2429-4122-9ad5-8caaf2d08867,vagile.dentist,available,63.98,81.98,low,low,6,namecheap,,,13/09/2026 00:47
172c1f2a-436c-43aa-a9db-ba8da193c9ff,mirthful.dentist,available,63.98,81.98,high,low,8,namecheap,,,12/08/2026 19:00
74e04cee-a0ce-4394-a5b2-3b9d8c34d1b0,anionic.dentist,available,63.98,81.98,medium,low,7,namecheap,,,
dfda2a84-6812-4c94-9f2f-7769f47fd3c8,squadron.dentist,available,63.98,81.98,high,low,8,namecheap,,,29/09/2026 08:06
790e4337-376f-4a85-a4da-535c8f7f8b2d,generator.dentist,available,65.99,65.99,high,low,9,namesilo,,,28/09/2026 01:59
88df33f4-ba40-4f45-b3b2-48ffb6cfbcf8,defining.dentist,available,63.98,81.98,high,low,8,namecheap,,,10/09/2026 06:00
44a2f0a9-f5b3-4096-9f48-78d7de2cc532,refusing.dentist,available,65.99,65.99,low,low,8,namesilo,,,17/09/2026 15:40
fd5b7de5-74d9-4a83-9ad5-2defa93c416d,aid.dentist,premium,102.67,102.67,high,low,3,spaceship,,,28/09/2026 02:16
0b0eacd7-065f-4e69-8726-baff49538255,wholly.dentist,available,63.98,81.98,high,low,6,namecheap,,,
7e8bee38-6f83-4c4d-b3dd-2d17d7a44dcc,temperatures.dentist,available,51.95,51.95,medium,low,12,spaceship,,,29/09/2026 10:24
25ba25f7-2032-48f0-8056-a473dd499284,peck.dentist,premium,118.8,118.8,high,low,4,namesilo,,,25/08/2026 00:37
59bc7b8c-5212-4fc5-b168-3dd7b6049c9e,tearful.dentist,available,63.98,81.98,medium,low,7,namecheap,,,14/08/2026 15:35
596b03a8-d2e8-434d-9164-1f6e090ef869,trenches.dentist,available,51.95,51.95,high,low,8,spaceship,,,29/09/2026 10:54
f06ad7d2-6dca-48e3-a887-9810ce19a074,celebrities.dentist,available,65.99,65.99,medium,low,11,namesilo,,,28/09/2026 23:49
a70f7418-d8ec-4039-976b-836e1b1c51e3,gland.dentist,available,63.98,81.98,medium,low,5,namecheap,,,29/09/2026 07:05
e64eea18-6751-4330-be98-be3531efa5bf,bespoken.dentist,available,63.98,81.98,medium,low,8,namecheap,,,09/08/2026 17:31
228da0c7-405d-47bd-af23-e03c54c15ef1,angioma.dentist,available,63.98,81.98,medium,low,7,namecheap,,,19/09/2026 06:14
89dde26a-9202-4e22-a89f-a53eaf2b4e44,vitamins.dentist,available,65.99,65.99,medium,low,8,namesilo,,,28/09/2026 08:13
9cabca09-5832-442c-9436-e6501e02ca99,lacy.dentist,available,63.98,81.98,high,low,4,namecheap,,,22/08/2026 17:47
cfe7f479-4519-49a5-a119-96d514c5ae68,switches.dentist,available,65.99,65.99,medium,low,8,namesilo,,,16/09/2026 23:57
954404cf-ef23-4888-b326-bf3242d6169c,taking.dentist,available,63.98,81.98,high,low,6,namecheap,,,18/08/2026 02:22
3735aca7-f14b-41c9-ad76-66e7a7d657f1,stimulated.dentist,available,63.98,81.98,medium,low,10,namecheap,,,10/09/2026 20:42
256e3107-4672-4f6a-a61d-68afdda03073,aramean.dentist,available,63.98,81.98,medium,low,7,namecheap,,,06/08/2026 12:02
6e9433fd-dd45-47b6-acaf-6a6afbfe8368,moneron.dentist,available,63.98,81.98,medium,low,7,namecheap,,,25/08/2026 04:30
9cdffbcc-26c7-4e4a-ab70-e97db81c47be,plump.dentist,available,63.98,81.98,high,low,5,namecheap,,,12/08/2026 07:35
a90f9a44-53a9-4f05-9740-f3648e99b338,banister.dentist,available,63.98,81.98,high,low,8,namecheap,,,22/09/2026 00:28
54e2d6b4-73fc-4003-8a95-ac9130000ebc,zilch.dentist,available,63.98,81.98,high,low,5,namecheap,,,03/09/2026 22:42
eb9d158b-db2e-477d-8f4f-92b853c3c998,lilac.dentist,available,63.98,81.98,high,low,5,namecheap,,,22/08/2026 21:04
39814ea7-6e2d-444d-93fc-061d03236306,girdle.dentist,available,63.98,81.98,high,low,6,namecheap,,,24/09/2026 15:02
f418afd4-bd53-480b-8938-f168fcf28613,kwh.dentist,available,51.95,51.95,medium,low,3,spaceship,,,28/09/2026 07:34
c4f55add-e1f1-4de3-aaaf-0af87d13bea7,ibnsina.dentist,available,65.99,65.99,medium,low,8,namesilo,,,16/09/2026 18:41
3abe689e-333c-45c7-9ffc-bf383cc87731,ripping.dentist,available,63.98,81.98,high,low,7,namecheap,,,09/09/2026 13:59
ae589e48-f57e-4887-a597-a5447f6a8e49,indoaryan.dentist,available,63.98,81.98,medium,low,10,namecheap,,,06/08/2026 23:56
29244505-b9fa-43fb-9e49-04b3b21db422,shadows.dentist,available,65.99,65.99,medium,low,7,namesilo,,,18/09/2026 03:26
4b4adb02-556c-4c6c-bf88-5d38c15633c2,once.dentist,available,63.98,81.98,high,low,4,namecheap,,,24/09/2026 15:11
7a3e2a6c-f8dd-48a4-8deb-c53674633e7b,brandt.dentist,available,65.99,65.99,high,low,6,namesilo,,,27/09/2026 11:47
6386719f-036c-4356-9e11-c33decc4ebf8,pudgy.dentist,available,63.98,81.98,medium,low,5,namecheap,,,08/09/2026 22:24
f09fedcb-f850-4f16-9e03-0ad32e4c2eb5,apostasy.dentist,available,63.98,81.98,medium,low,8,namecheap,,,19/09/2026 19:16
c1ea8c45-295a-40a2-9b40-4d26c8935102,wells.dentist,premium,242,242,high,low,5,namesilo,,,27/09/2026 04:19
a7461a71-7394-4259-943b-1b3f732b615c,exultant.dentist,available,63.98,81.98,high,low,8,namecheap,,,17/08/2026 19:42
d5a7c37a-a02b-4447-91e6-06dbc33c8bdd,abattis.dentist,available,65.99,65.99,medium,low,7,namesilo,,,16/09/2026 14:11
cbeb5d08-4cf7-4656-886f-9be0e2f6b37f,suggesting.dentist,available,53.72,53.72,high,low,10,dynadot,,,27/09/2026 17:56
e41b0541-0464-4b6a-b83b-49412ff5c19b,weighed.dentist,available,51.95,51.95,medium,low,7,spaceship,,,28/09/2026 12:31
01bc448c-0972-4bbe-bad7-5ae32b6b055b,spooky.dentist,available,63.98,81.98,high,low,6,namecheap,,,10/09/2026 09:49
a00aead1-1213-4807-93c7-1d8b54abcbe5,slot.dentist,available,63.98,81.98,high,medium,4,namecheap,,,29/09/2026 18:36
cf69331c-ede0-4f98-836f-532f44bed0b3,lydia.dentist,available,65.99,65.99,high,low,5,namesilo,,,25/09/2026 09:12
7440029a-2816-4213-a041-e1fb52e7f8c2,possess.dentist,available,63.98,81.98,high,low,7,namecheap,,,26/09/2026 03:38
da61949a-9622-4fa7-bb87-dd2dc428947a,owens.dentist,available,65.99,65.99,high,low,5,namesilo,,,30/09/2026 00:31
f33d458f-3f1d-49db-916b-964c694c0597,nautilus.dentist,available,65.99,65.99,high,low,8,namesilo,,,20/09/2026 04:33
e2fb06ed-ab22-4be1-a104-2a7e6cb3a29c,beguiling.dentist,available,63.98,81.98,high,low,9,namecheap,,,22/09/2026 01:38
75f4fa02-67d0-4925-8202-fb4e6cb17e8e,guiding.dentist,available,63.98,81.98,high,low,7,namecheap,,,14/08/2026 08:49
ebd50a98-7bbe-42fa-a2f5-7ddac679b1ca,publicity.dentist,available,65.99,65.99,high,low,9,namesilo,,,
d0e31a08-45a3-48ce-a391-4ef1ca14bf82,environment.dentist,available,52.01,52.01,high,low,11,porkbun,,,28/09/2026 03:49
059c4393-d314-42b2-bc88-1bf118b3deb3,bilges.dentist,available,63.98,81.98,medium,low,6,namecheap,,,23/09/2026 15:54
bd093b25-1719-4a7a-996b-238f0fe53a7e,dealer.dentist,available,65.99,65.99,high,low,6,namesilo,,,22/09/2026 05:35
ab02ecea-80a0-4e58-a409-ee7104159dbb,aphorist.dentist,available,65.99,65.99,medium,low,8,namesilo,,,19/09/2026 17:11
5b189e4a-6bea-451c-ad70-63fa564eb3d5,cactus.dentist,available,65.99,65.99,high,low,6,namesilo,,,24/09/2026 11:36
e375d795-7792-47a1-95b5-9396e085c75a,patron.dentist,available,51.95,51.95,high,low,6,spaceship,,,28/09/2026 14:14
102c9690-55e5-4fe7-a0ee-f17e25801fdd,checkpoint.dentist,available,65.99,65.99,high,low,10,namesilo,,,24/09/2026 14:03
c2af5ddd-600c-455d-ba51-7058a69a039d,surrounding.dentist,available,65.99,65.99,high,low,11,namesilo,,,
4d2a0548-844e-4c8c-8f1f-16deea83ed17,paranoiac.dentist,available,63.98,81.98,medium,low,9,namecheap,,,08/09/2026 01:08
163663d3-f8e3-4802-bff6-6b4bd8e72c51,discovering.dentist,available,65.99,65.99,medium,low,11,namesilo,,,29/09/2026 10:28
0df0942b-7ca6-42a1-9c8c-6591657765b0,waning.dentist,available,63.98,81.98,medium,low,6,namecheap,,,13/09/2026 08:04
b31108cd-d79b-4806-b323-157d6d8c3622,dampen.dentist,available,76.99,94.99,medium,low,6,name.com,,,13/08/2026 16:53
217dbfe4-ee66-46d2-baa5-0d15190c7a83,lewd.dentist,available,63.98,81.98,high,low,4,namecheap,,,22/08/2026 20:07
96ac2272-9397-4c4f-b839-5bc37ba35cd3,deluge.dentist,available,65.99,65.99,medium,low,6,namesilo,,,24/09/2026 16:03
5acb1228-8736-4af3-9b79-2afb57bc2818,encamp.dentist,available,63.98,81.98,medium,low,6,namecheap,,,11/08/2026 15:56
93276ad8-bb7a-4e65-9eb0-b64a79b08fa8,unborn.dentist,available,63.98,81.98,high,low,6,namecheap,,,12/09/2026 02:23
0848f3a2-539e-4398-adc8-5fed51252c01,lands.dentist,available,51.95,51.95,medium,low,5,spaceship,,,28/09/2026 04:27
dc38716d-2193-4c75-9da4-1516d38b6074,anemia.dentist,available,65.99,65.99,high,low,6,namesilo,,,19/09/2026 01:16
225b87d3-de26-4e3c-b498-23e98ba9de2f,honors.dentist,available,63.98,81.98,high,low,6,namecheap,,,28/09/2026 13:12
8d71c901-7832-4cfd-a25c-3e0632210a72,bronchial.dentist,available,63.98,81.98,medium,low,9,namecheap,,,11/08/2026 05:35
785286c3-f19b-4e7a-b4d6-b5597c15f243,paved.dentist,available,63.98,81.98,high,low,5,namecheap,,,08/09/2026 10:53
4748bf31-5e1a-4605-b47d-51143a845de6,airs.dentist,available,65.99,65.99,high,low,4,namesilo,,,17/09/2026 23:21
092ec197-ae15-418f-8dce-a8333129078a,scores.dentist,available,63.98,81.98,high,low,6,namecheap,,,14/09/2026 23:23
27327814-09c4-4b20-9a00-1b98946fe8ae,explicit.dentist,available,63.98,81.98,high,low,8,namecheap,,,17/08/2026 18:24
996d309e-9e70-42b0-953b-8cc09dbf6caa,magenta.dentist,available,63.98,81.98,high,low,7,namecheap,,,24/08/2026 12:57
f6ff9b15-e4be-4718-8909-bcfb417fcebe,furred.dentist,available,63.98,81.98,medium,low,6,namecheap,,,18/08/2026 18:52
3b8f772e-07bb-48f7-988c-d8a1d0eea88d,gangs.dentist,available,51.95,51.95,low,low,5,spaceship,,,28/09/2026 13:19
74b9bb6c-1ad9-424a-b02c-50313e55db13,unopened.dentist,available,63.98,81.98,medium,low,8,namecheap,,,12/09/2026 16:14
d4604bab-e20f-4c59-ab88-1e56533eaf78,badness.dentist,available,63.98,81.98,medium,low,7,namecheap,,,08/08/2026 07:23
95afbc00-a1e3-4dda-b4df-add938b8b779,mineral.dentist,available,63.98,81.98,high,low,7,namecheap,,,08/09/2026 16:39
fa4b1f03-6756-433f-a64e-450aed635e93,ellington.dentist,available,51.95,51.95,medium,low,9,spaceship,,,28/09/2026 09:32
9abd0e14-cdb2-4066-aec5-bdc567e69e08,antipathy.dentist,available,63.98,81.98,medium,low,9,namecheap,,,19/09/2026 14:53
0c0e6579-50dc-42eb-b48a-aacbc1483dea,jokingly.dentist,available,63.98,81.98,medium,low,8,namecheap,,,14/09/2026 17:23
a6dab0b9-5b7c-42fc-a98d-f3b93c858f26,vicky.dentist,available,65.99,65.99,medium,low,5,namesilo,,,29/09/2026 03:57
7acdfef4-120c-4626-a8e0-f1f840a9049b,acropetal.dentist,available,63.98,81.98,medium,low,9,namecheap,,,
bbfe2460-6332-4b20-9aba-31d7292665c5,scythian.dentist,available,63.98,81.98,medium,low,8,namecheap,,,10/09/2026 00:28
1a3f08ff-c220-4651-9a92-c13bfa6dac90,anodal.dentist,available,63.98,81.98,medium,low,6,namecheap,,,
1d1a840d-dcdb-4001-add7-62d5bd491516,gregory.dentist,available,65.99,65.99,high,low,7,namesilo,,,19/09/2026 06:00
a9ec6b85-d7ac-423b-9aa1-915a347782e5,hoff.dentist,available,51.95,51.95,medium,low,4,spaceship,,,29/09/2026 21:37
c1e6410a-99b7-4cc3-bc6c-8097fb5bcb0a,resurgent.dentist,available,63.98,81.98,high,low,9,namecheap,,,09/09/2026 13:53
e707c4c4-b742-4302-a597-1cfcd8e3fe0a,rested.dentist,available,53.72,53.72,high,low,6,dynadot,,,27/09/2026 12:50
4304507e-4535-43a1-9c4c-93dc8535d8eb,philosophy.dentist,available,63.98,81.98,high,low,10,namecheap,,,27/09/2026 13:03
aab2c09b-a9f1-43e6-90a7-3c6046de7393,backer.dentist,available,65.99,65.99,high,low,6,namesilo,,,21/09/2026 15:26
a670304f-6aa7-4e36-81f6-68322cbe9ac5,burned.dentist,available,63.98,81.98,medium,low,6,namecheap,,,23/09/2026 11:37
476296f6-1ab5-4ec9-a2a0-4999c0ba6432,exist.dentist,available,65.99,65.99,high,low,5,namesilo,,,
2814cd5c-e581-4a6f-b92d-05e157b94565,manageable.dentist,available,53.72,53.72,high,low,10,dynadot,,,28/09/2026 15:51
468ccfb7-59c8-405d-8c86-aa60791c8c24,bearings.dentist,available,65.99,65.99,medium,low,8,namesilo,,,20/09/2026 03:51
2a6e0357-8288-4fde-8699-d782717f48e6,dependency.dentist,available,65.99,65.99,medium,low,10,namesilo,,,17/09/2026 06:56
4ba316d2-7ee2-458e-84d7-c566f19d0c54,aphrodisia.dentist,available,63.98,81.98,medium,low,10,namecheap,,,19/09/2026 17:14
b3f3bd03-4f62-4e49-a077-6b7c02a2d3b2,amebous.dentist,available,63.98,81.98,medium,low,7,namecheap,,,
fd060d2b-42d8-4f65-a33a-d5315b5a73c2,nett.dentist,available,63.98,81.98,medium,low,4,namecheap,,,03/09/2026 15:52
e87f4766-d631-40d4-9b51-836d329d318e,untested.dentist,available,63.98,81.98,medium,low,8,namecheap,,,12/09/2026 21:13
fc6e9291-f3ff-4b82-ac74-d59fb0eb03b7,provided.dentist,available,65.99,65.99,medium,low,8,namesilo,,,16/09/2026 09:17
979e4da5-bd8a-468a-8de8-f1d1869b5c79,devised.dentist,available,51.95,51.95,low,low,7,spaceship,,,29/09/2026 16:34
91e38d95-e35c-4f3f-9303-fbe892ebc642,marked.dentist,available,65.99,65.99,high,low,6,namesilo,,,25/09/2026 16:50
0ba64714-8d9e-4f89-8d77-4123a6df9fdc,thready.dentist,available,63.98,81.98,medium,low,7,namecheap,,,18/08/2026 04:08
61010923-0782-451b-9a98-1d70adc184e0,polynesian.dentist,available,63.98,81.98,high,low,10,namecheap,,,24/08/2026 13:48
caf883ec-f720-47a7-bca6-98c8d99048bd,aachen.dentist,available,65.99,65.99,high,low,6,namesilo,,,16/09/2026 13:08
033a24d3-0ce8-4a55-a70a-f21ace7ed497,ansi.dentist,available,65.99,65.99,medium,low,4,namesilo,,,28/09/2026 11:47
5fe39292-7163-4f8b-b264-c1333456ef87,however.dentist,available,51.95,51.95,medium,low,7,spaceship,,,28/09/2026 11:49
c411dce5-e0b7-4d32-81ac-d8b4791fbaa7,architectural.dentist,available,50.2,50.2,medium,low,13,cloudflare,,,29/09/2026 08:50
e31d18df-8782-4e18-8894-cd45176ae4b4,postmortem.dentist,available,63.98,81.98,high,low,10,namecheap,,,09/09/2026 00:31
aac616aa-81a9-44fd-a391-f1f9117f9b56,wooded.dentist,available,63.98,81.98,high,low,6,namecheap,,,13/09/2026 13:11
5d4d52df-b1b0-472a-912b-7c7f172dd783,decision.dentist,available,65.99,65.99,high,low,8,namesilo,,,24/09/2026 17:06
bd89fd6a-ee72-4062-9d90-f26ab5d09c1a,colman.dentist,available,65.99,65.99,medium,low,6,namesilo,,,29/09/2026 04:11
70863603-27b0-4fb9-bc4a-d0110dcd9c4e,similar.dentist,available,63.98,81.98,high,low,7,namecheap,,,
4abb4f02-5eb8-411d-b19e-66f2e06e5cc8,barbeque.dentist,available,50.2,50.2,high,low,8,cloudflare,,,29/09/2026 01:07
ea124738-d099-4239-bae1-76d8791fb8ec,ortega.dentist,available,51.95,51.95,high,low,6,spaceship,,,28/09/2026 05:29
01bb49b0-dda5-4eca-86ff-68359c911ea3,mohamed.dentist,available,51.95,51.95,high,low,7,spaceship,,,28/09/2026 04:07
3dd9a998-7a5a-4b17-b73f-2cd28694166b,seawards.dentist,available,63.98,81.98,medium,low,8,namecheap,,,10/09/2026 01:02
5a1a7d65-eb12-4364-8cb3-465c1abf1e3e,quoted.dentist,available,65.99,65.99,medium,low,6,namesilo,,,29/09/2026 23:28
ba737760-5464-4bad-96ac-d390b2fb8ae3,barton.dentist,premium,207.2,207.2,high,low,6,spaceship,,,28/09/2026 11:33
113da89f-6611-4c23-ba4d-326b828d89dc,ganja.dentist,available,65.99,65.99,high,low,5,namesilo,,,29/09/2026 06:40
ee3fe09b-d3cc-4c71-b4ed-f5d8bcde5649,duty.dentist,available,51.95,51.95,high,low,4,spaceship,,,29/09/2026 17:13
ce3dd665-5074-4794-a757-33ff9f85fe93,rowing.dentist,available,51.95,51.95,high,low,6,spaceship,,,29/09/2026 20:14
baa9209d-628c-45b7-9b90-f363bbd67817,custom.dentist,premium,62.3,62.3,high,low,6,spaceship,,,28/09/2026 06:31
464f470a-4fef-4ce5-8876-8530b1522b46,despot.dentist,available,65.99,65.99,medium,low,6,namesilo,,,21/09/2026 06:11
b9df726c-83b8-451e-8f87-0d4f20e7f638,israeli.dentist,available,63.98,81.98,high,low,7,namecheap,,,22/08/2026 11:32
9b53628d-441b-40ad-9129-1d0c81722d3a,flawlessly.dentist,available,63.98,81.98,medium,low,10,namecheap,,,12/08/2026 10:23
be2b529e-8157-4aa1-9135-3d2dd1207bbf,burnt.dentist,available,63.98,81.98,high,low,5,namecheap,,,23/09/2026 11:41
4232a35d-4a0d-46ec-b6e8-451cff030eed,lofty.dentist,available,63.98,81.98,high,low,5,namecheap,,,17/08/2026 15:42
7b454de7-a4a4-4ab0-a118-6391ab3d4a0c,reliably.dentist,available,63.98,81.98,high,low,8,namecheap,,,14/09/2026 11:46
f564af74-7f69-4d02-84a0-1fd018690656,crunch.dentist,available,63.98,81.98,high,low,6,namecheap,,,24/09/2026 19:53
2a4bcce9-2a5d-4199-a613-0c8ecc1ba9b0,unfilmed.dentist,available,63.98,81.98,medium,low,8,namecheap,,,12/09/2026 10:14
525eb77d-33ce-40b3-bf78-ba7efff375d4,fastgrowing.dentist,available,65.99,65.99,high,low,12,namesilo,,,
9a8a8446-7bd7-4952-aef4-5f2b5bd47f27,victorious.dentist,available,63.98,81.98,high,low,10,namecheap,,,13/09/2026 05:28
57733bdc-92b1-4146-8406-fb618a840758,sexless.dentist,available,63.98,81.98,medium,low,7,namecheap,,,10/09/2026 05:17
9d89ca07-e3c3-4c3c-af48-02901cf068e8,bent.dentist,available,63.98,81.98,medium,low,4,namecheap,,,09/08/2026 14:16
d1a75bbf-f450-4d82-93db-2ddf4f4b1c6d,worldly.dentist,available,63.98,81.98,high,low,7,namecheap,,,10/08/2026 13:20
22082d1d-4535-4c9d-99db-d940aa840850,condom.dentist,available,51.95,51.95,high,low,6,spaceship,,,29/09/2026 10:43
7b5b5395-00d0-4300-be2d-8249f60d7c56,early.dentist,premium,242,242,high,low,5,namesilo,,,24/09/2026 12:57
308f555f-262f-418a-8a0a-136b7bee7732,arguments.dentist,available,65.99,65.99,medium,low,9,namesilo,,,16/09/2026 05:03
8b0ed822-9a78-4d26-a64f-b8967eb276d0,panoplied.dentist,available,63.98,81.98,medium,low,9,namecheap,,,06/08/2026 21:42
42d11fec-5ee8-48db-a347-104a810d7ceb,patrician.dentist,available,63.98,81.98,medium,low,9,namecheap,,,06/08/2026 19:34
d5114e51-72df-404d-9c53-c4e86f3faf63,accurst.dentist,available,,,medium,low,7,,,,
a8638b1c-3d6f-444b-99a5-4b810dfade54,fucksome.dentist,available,65.99,65.99,low,low,8,namesilo,,,
a66b7bba-2ae4-4902-a430-f076404fbad7,aigret.dentist,available,63.98,81.98,medium,low,6,namecheap,,,17/09/2026 20:56
bbb48e91-55e3-4443-a287-8f6874adb210,warmer.dentist,available,65.99,65.99,high,low,6,namesilo,,,28/09/2026 05:58
76e0c5a5-1716-445c-a66f-f557e2c008bd,plosive.dentist,available,63.98,81.98,medium,low,7,namecheap,,,04/09/2026 00:16
9f9f1061-ae9e-4b23-94a5-646f25bb400f,nile.dentist,available,65.99,65.99,high,low,4,namesilo,,,29/09/2026 07:45
f834d265-d64f-4040-a93b-e2abb1be8eaa,boredom.dentist,available,65.99,65.99,medium,low,7,namesilo,,,24/09/2026 07:28
e00f14f0-a543-4631-9e0a-91d569fd0520,convertible.dentist,available,51.95,51.95,high,low,11,spaceship,,,28/09/2026 15:45
b7183c94-81d2-4cae-b831-35c9f2d4ee9a,groggy.dentist,available,63.98,81.98,medium,low,6,namecheap,,,18/08/2026 09:53
33e9afc1-9b43-40ee-85fc-e67abf855af4,greasy.dentist,available,63.98,81.98,high,low,6,namecheap,,,20/08/2026 19:35
47aeede6-af40-42ba-bc0a-2629e7de69d3,barterer.dentist,available,65.99,65.99,medium,low,8,namesilo,,,22/09/2026 08:58
c4cd6ca8-449a-4fbd-95ff-f3e6ffa6d2b3,polysemous.dentist,available,63.98,81.98,medium,low,10,namecheap,,,08/09/2026 23:31
9591ff80-e754-4c3f-89fc-dd8ea614ee1a,amenia.dentist,available,63.98,81.98,medium,low,6,namecheap,,,18/09/2026 18:47
b9193446-9039-47bf-b2c7-585bdf0d50c3,twist.dentist,available,50.2,50.2,high,low,5,cloudflare,,,28/09/2026 10:40
d674120f-c792-47c6-bc39-d8ca9ae40c3b,unranked.dentist,available,63.98,81.98,medium,low,8,namecheap,,,12/09/2026 17:44
39a8700c-ebdb-4d02-8806-91600b90513d,security.dentist,premium,260,260,high,medium,8,namecheap,,,28/09/2026 19:47
03f95f40-21fe-4ad3-aa40-61213b642b99,ghostly.dentist,available,63.98,81.98,high,low,7,namecheap,,,06/08/2026 05:28
1e5801f2-f5d4-4c5f-9719-555bdda0c04a,sprightly.dentist,available,63.98,81.98,high,low,9,namecheap,,,10/09/2026 16:49
46d596cf-238c-4957-9126-e4bffcd73220,perpetual.dentist,available,63.98,81.98,high,low,9,namecheap,,,
05abeede-0f75-4956-925e-fd194adbfb32,practise.dentist,premium,207.2,207.2,high,low,8,spaceship,,,29/09/2026 01:53
f14b65a1-47aa-4894-9937-74c7f652479d,cop.dentist,available,65.99,65.99,high,low,3,namesilo,,,20/09/2026 09:05
b744ac70-c1dd-4f19-95a9-c6e4253589fc,organised.dentist,premium,242,242,high,low,9,namesilo,,,26/09/2026 00:28
765f76da-e3be-4ca9-99cb-4ffcbbecfdd6,novel.dentist,available,63.98,81.98,high,low,5,namecheap,,,03/09/2026 22:19
6ff4c095-249f-41f2-a0f1-557158f3572f,fim.dentist,available,52.01,52.01,medium,low,3,porkbun,,,29/09/2026 21:32
747360fd-4f45-434e-9871-766f353840ce,array.dentist,available,65.99,65.99,high,low,5,namesilo,,,20/09/2026 08:50
8e9d4815-819f-49ea-ad14-a311873f7e86,thrice.dentist,available,65.99,65.99,medium,low,6,namesilo,,,16/09/2026 08:59
ddd67b96-bc06-4181-8c1a-368613df4f30,cancellous.dentist,available,63.98,81.98,medium,low,10,namecheap,,,11/08/2026 16:31
bd519404-4205-41ae-b7d4-f52824acde0b,analogy.dentist,available,51.95,51.95,high,low,7,spaceship,,,28/09/2026 21:11
8deff648-5c26-4e3e-a582-953602d03f7d,confiding.dentist,available,63.98,81.98,high,low,9,namecheap,,,12/08/2026 20:45
dd7b67c2-241a-43f7-aaaf-43db98064a70,linnean.dentist,available,63.98,81.98,medium,low,7,namecheap,,,23/08/2026 17:24
2eec54d6-2d5d-4239-8946-1c7e4ec151ca,mcmaster.dentist,available,65.99,65.99,medium,low,8,namesilo,,,29/09/2026 01:24
e0bbc955-d59f-4d79-a4d6-861b864a968a,encyclopedia.dentist,available,51.95,51.95,high,low,12,spaceship,,,29/09/2026 10:09
3536da55-0ab8-4c33-9534-0dde92bb6a5b,phonetic.dentist,available,63.98,81.98,high,low,8,namecheap,,,08/09/2026 19:04
c2ce96e0-b7eb-46e7-a452-b83eaf6e9d0c,asexual.dentist,available,63.98,81.98,high,low,7,namecheap,,,07/08/2026 01:33
06375cf8-590b-43c3-9941-91d63eaca6a9,floods.dentist,available,76.99,94.99,low,low,6,name.com,,,18/09/2026 19:03
d08430eb-14e6-46e6-af1c-ea8ccfbba3da,hoffman.dentist,premium,118.8,118.8,high,low,7,namesilo,,,25/09/2026 05:04
8a7be488-2baa-4e01-a46c-e95518bd6463,autogenous.dentist,available,63.98,81.98,medium,low,10,namecheap,,,07/08/2026 20:16
dbc456fb-329e-46ea-ae00-36028b5587a8,swanky.dentist,available,63.98,81.98,high,low,6,namecheap,,,11/09/2026 05:15
6f84f563-c8a1-4b4b-b69a-dce59ffc81d0,alchemical.dentist,available,63.98,81.98,medium,low,10,namecheap,,,
21bc17ec-ac92-4fee-8027-e523f338637d,pleb.dentist,available,63.98,81.98,medium,low,4,namecheap,,,08/09/2026 21:04
316119ac-166f-4ab5-aaa2-51c5b0f93d17,active.dentist,available,65.99,65.99,high,low,6,namesilo,,,28/09/2026 09:11
e2e390ae-9c56-483e-b071-5ae0ffb15585,betrothal.dentist,available,65.99,65.99,high,low,9,namesilo,,,23/09/2026 11:34
8850082c-a9e6-4503-ad39-8c61d70008b1,autodidact.dentist,available,65.99,65.99,high,low,10,namesilo,,,21/09/2026 06:15
629cfeca-95b6-486a-aff3-97bf9e307e17,similitude.dentist,available,65.99,65.99,medium,low,10,namesilo,,,18/09/2026 07:51
d71463e7-3ca9-4354-9d84-bcc3a4da690b,amy.dentist,premium,118.8,118.8,high,low,3,namesilo,,,25/09/2026 16:39
be8f5e0d-34e0-4401-877c-93fa486e8f17,thinker.dentist,available,65.99,65.99,high,low,7,namesilo,,,30/09/2026 01:09
42353d54-4152-4c69-9c73-a57c2778de8d,infield.dentist,available,65.99,65.99,high,low,7,namesilo,,,22/09/2026 10:07
a384016f-89cf-4782-8845-55a1302c2f8f,der.dentist,available,50.2,50.2,medium,low,3,cloudflare,,,28/09/2026 20:56
15fc92cf-00c4-4b3f-9467-82ed87b36744,taxman.dentist,available,65.99,65.99,medium,low,6,namesilo,,,24/09/2026 16:18
9119aae9-3567-4db4-9116-23231d6f3de4,refine.dentist,available,65.99,65.99,high,low,6,namesilo,,,
52c33bc8-16e0-4700-a167-0536818f98cd,adenine.dentist,available,63.98,81.98,medium,low,7,namecheap,,,17/09/2026 07:24
f338d6f1-fb69-4fce-b334-a0b9c05363e4,rurally.dentist,available,63.98,81.98,medium,low,7,namecheap,,,16/09/2026 00:20
3c3de11a-eaa3-431c-9fc5-c1dcb40a3fde,jones.dentist,premium,242,242,high,low,5,namesilo,,,25/09/2026 00:23
a59b8d7d-508e-4417-b41f-6eaadb4d88f8,mccartney.dentist,available,65.99,65.99,high,low,9,namesilo,,,28/09/2026 06:23
b2023794-cbd1-4c30-87e1-372a4f075139,flick.dentist,available,52.01,52.01,high,low,5,porkbun,,,29/09/2026 06:54
514e7504-8d43-4448-81be-b9050f6fa1d8,sees.dentist,available,63.98,81.98,medium,low,4,namecheap,,,
c9aaf15c-a6a9-404c-8dc7-276ce108e96b,drapes.dentist,available,65.99,65.99,high,low,6,namesilo,,,17/09/2026 07:49
57a32271-ff5e-4a00-bcd4-eb9b7eac20cf,initially.dentist,available,65.99,65.99,medium,low,9,namesilo,,,28/09/2026 11:32
0e19ece7-f817-42a1-91b6-1ec0443a74f1,deborah.dentist,premium,118.8,118.8,medium,low,7,namesilo,,,28/09/2026 12:59
5dc98b79-0ebd-47e9-927b-37ba1e7f4522,picked.dentist,available,65.99,65.99,high,low,6,namesilo,,,
ac4df920-52f9-4206-9db4-b9bab62bd960,investigated.dentist,available,53.72,53.72,medium,low,12,dynadot,,,29/09/2026 00:03
491ca13b-1c49-4110-b164-4f6419e62751,edinburgh.dentist,premium,218.8,437.19,high,low,9,porkbun,,,29/09/2026 12:09
f65a6ec3-cb86-46a4-94e6-6516e059e234,arcanum.dentist,available,65.99,65.99,high,low,7,namesilo,,,20/09/2026 01:37
7c5b7600-9719-4151-913c-fc0c124c638c,knockdown.dentist,available,63.98,81.98,medium,low,9,namecheap,,,22/08/2026 16:34
b0059162-9dec-43d3-97fa-81f2548c6083,connecting.dentist,available,65.99,65.99,medium,low,10,namesilo,,,28/09/2026 22:52
bf5b8e6f-1bf4-427e-b7d3-bddd4b9d5edf,usher.dentist,available,51.95,51.95,high,low,5,spaceship,,,29/09/2026 00:41
5377ce7c-06b5-473b-8387-3c2b6a2d48d3,nosy.dentist,available,63.98,81.98,medium,low,4,namecheap,,,03/09/2026 21:48
83923a2f-a043-4393-bcce-ef39af6c70cc,trigon.dentist,available,63.98,81.98,high,low,6,namecheap,,,11/09/2026 19:46
c12bcc1a-08fd-4272-8657-580476381d64,across.dentist,available,50.2,50.2,high,low,6,cloudflare,,,28/09/2026 11:43
5c5812c6-8ff0-4b5f-90b1-d0eba569f83e,paediatric.dentist,premium,512,512,high,low,10,namesilo,,,04/09/2026 22:51
aca6e1df-221c-4b92-8829-5a9d613ffdb6,scarlett.dentist,available,65.99,65.99,high,low,8,namesilo,,,
b4d683b7-7f2d-4b1c-8e70-cc9db21f281b,bounder.dentist,available,65.99,65.99,medium,low,7,namesilo,,,24/09/2026 02:20
eaca6e38-afd3-4b0a-958e-fac928fb2014,altawhid.dentist,available,63.98,81.98,medium,low,9,namecheap,,,18/09/2026 01:07
02d28a81-0224-4eb7-87dd-f3e8df1d5d3e,still.dentist,available,65.99,65.99,high,low,5,namesilo,,,23/09/2026 12:34
ca1d92e0-f86c-40fa-a0f4-7498975b574a,triploid.dentist,available,63.98,81.98,medium,low,8,namecheap,,,11/09/2026 20:10
ae5bce4a-ffcb-49f8-915e-4e039ee99adf,henderson.dentist,premium,260,260,high,low,9,namecheap,,,25/09/2026 19:30
6ba03a57-31d3-4186-ae92-6014cbb8a8c1,kleist.dentist,available,65.99,65.99,medium,low,6,namesilo,,,23/09/2026 09:54
f614af7a-3fc8-458e-8724-aa66b9bc4518,hurrying.dentist,available,63.98,81.98,high,low,8,namecheap,,,21/08/2026 15:47
f73d39a4-f920-4d47-b1bf-2c460b912bc0,spicy.dentist,available,63.98,81.98,high,low,5,namecheap,,,24/09/2026 22:14
1f3b695f-2171-4782-83da-5e29067fc7ff,gooey.dentist,available,63.98,81.98,high,low,5,namecheap,,,20/08/2026 16:53
7563b5dc-850a-41fc-bf22-beb863c92ebf,walkabout.dentist,available,65.99,65.99,high,low,10,namesilo,,,
248263ee-d694-45b0-be7b-1cc3edc31fab,feud.dentist,available,65.99,65.99,high,low,4,namesilo,,,30/09/2026 01:37
3f47e100-b8f6-4615-9eb1-552f0dfde6cc,unstudied.dentist,available,63.98,81.98,medium,low,9,namecheap,,,12/09/2026 06:07
2fa86c65-0e1e-4d99-89cf-0ceac01aefe1,yesteryear.dentist,available,63.98,81.98,high,low,10,namecheap,,,08/09/2026 10:02
eae4395d-292c-43c9-894a-bafa0e16c8be,smartness.dentist,available,63.98,81.98,high,low,9,namecheap,,,12/08/2026 04:49
e8a02887-c80f-4b0a-91d2-ed9286ece270,suv.dentist,available,65.99,65.99,high,low,3,namesilo,,,
81655e20-99fd-4e6c-9819-deb4c23cdc0a,responsive.dentist,available,65.99,65.99,high,low,10,namesilo,,,22/09/2026 06:49
1e8fbb71-0858-45ee-a433-d7d1dd4cd57a,postmark.dentist,available,63.98,81.98,high,low,8,namecheap,,,18/08/2026 14:12
4584a802-481f-45c3-8001-8c5ac592088d,eventually.dentist,available,63.98,81.98,high,low,10,namecheap,,,14/09/2026 16:32
6461386f-6bba-455f-9d2d-86779e83e391,performed.dentist,available,65.99,65.99,medium,low,9,namesilo,,,
36a825e7-a87c-45e6-81b3-0807bff3ec8f,barium.dentist,available,65.99,65.99,high,low,6,namesilo,,,20/09/2026 23:19
43c34bfd-2acc-4b97-bef5-564c402c5b51,fbi.dentist,available,65.99,65.99,high,low,3,namesilo,,,29/09/2026 06:52
90c92fd8-a289-454c-a611-3066a2d560dd,charily.dentist,available,63.98,81.98,medium,low,7,namecheap,,,14/09/2026 06:17
7057b028-0f3f-4c65-a8b0-b92895ad310c,unvented.dentist,available,63.98,81.98,low,low,8,namecheap,,,12/09/2026 22:11
8e574289-adf9-4f90-8d4e-9d816ce3ef13,handled.dentist,available,63.98,81.98,high,low,7,namecheap,,,20/08/2026 23:28
53b5b6f6-a316-4238-b105-0ceb65d907fa,polemical.dentist,available,63.98,81.98,medium,low,9,namecheap,,,08/09/2026 22:53
112353c5-1d88-4519-96dc-e979855c1228,experience.dentist,premium,207.2,207.2,high,medium,10,spaceship,,,29/09/2026 18:39
ec8928de-02ff-4ea1-a692-eebf5a788839,illegible.dentist,available,63.98,81.98,medium,low,9,namecheap,,,21/08/2026 19:48
b51516c5-16fa-4cc4-943f-0a05d07ca05c,shoebird.dentist,available,63.98,81.98,medium,low,8,namecheap,,,21/09/2026 20:37
55f02afd-4de0-4ac1-8f86-aa2bcb4ad27f,conducting.dentist,available,65.99,65.99,high,low,10,namesilo,,,29/09/2026 10:46
2f8f9ad4-59c2-46e3-9ea7-7ad8daf71e38,carey.dentist,premium,102.67,102.67,high,medium,5,spaceship,,,29/09/2026 10:49
54441ece-e3f3-4a93-b561-ee9052adee08,ludicrous.dentist,available,63.98,81.98,medium,low,9,namecheap,,,14/08/2026 02:58
18a54f96-d0fc-461c-a510-0ef3277095ae,agrippina.dentist,available,63.98,81.98,medium,low,9,namecheap,,,17/09/2026 19:33
c7c5a5d0-c84c-4180-bcd0-c11f9555ad9b,anwar.dentist,available,50.2,50.2,high,low,5,cloudflare,,,29/09/2026 09:45
d17bb318-5a64-4d0f-8471-4a7f8d6282cb,unexplained.dentist,available,63.98,81.98,high,low,11,namecheap,,,29/09/2026 23:36
c08c47c7-5e22-4d43-90c3-2a00687099ce,besides.dentist,available,65.99,65.99,medium,low,7,namesilo,,,28/09/2026 11:58
ec497012-704f-42a3-8ed9-fabb23b5e0e7,hometown.dentist,premium,242,242,high,low,8,namesilo,,,28/09/2026 10:06
47ca25d4-2b58-4e79-8928-5ca64c45ac63,binet.dentist,available,65.99,65.99,medium,low,5,namesilo,,,18/09/2026 06:25
617696bb-e7ef-4c59-b6e0-135df770af48,caused.dentist,available,63.98,81.98,medium,low,6,namecheap,,,25/09/2026 18:57
173deea9-c436-48e2-b027-cd02dc4aa07a,appraiser.dentist,available,65.99,65.99,high,low,9,namesilo,,,19/09/2026 22:12
bef42efc-24a2-42ac-bcb8-69089a8ab499,geological.dentist,available,63.98,81.98,high,low,10,namecheap,,,18/08/2026 22:28
41f92e16-3658-4f87-a959-d8f39bfa1a55,aerobics.dentist,available,65.99,65.99,high,low,8,namesilo,,,17/09/2026 12:56
0c65e88b-f734-4969-abc4-734f64f7f80a,kestrel.dentist,available,63.98,81.98,high,low,7,namecheap,,,18/09/2026 20:14
05ec0c2e-6c20-4929-bbd4-4ce877df8df0,hopes.dentist,available,63.98,81.98,high,low,5,namecheap,,,25/09/2026 19:44
8761fa4c-0df8-4b7b-902e-3e8139563536,bank.dentist,available,65.99,65.99,high,medium,4,namesilo,,,29/09/2026 01:00
aa95da6c-de80-4d70-a15b-fcda6d64f629,drogue.dentist,available,65.99,65.99,medium,low,6,namesilo,,,17/09/2026 21:47
8747838e-bbb6-4edb-8889-c4da066a76fe,twentieth.dentist,available,65.99,65.99,high,low,9,namesilo,,,21/09/2026 12:27
9156a953-18db-48bc-90d5-e0afe0699d60,novelist.dentist,available,65.99,65.99,high,low,8,namesilo,,,29/09/2026 01:44
9b6abe6d-e676-41fb-89f1-3149c0b67f6c,ideational.dentist,available,63.98,81.98,medium,low,10,namecheap,,,12/08/2026 19:59
3b1a23c9-10f6-4e08-9209-37059a14ce39,knows.dentist,available,63.98,81.98,medium,low,5,namecheap,,,28/09/2026 10:33
a8a0f69c-e3a3-444c-8dc3-0d9140bf1a86,ordained.dentist,available,63.98,81.98,medium,low,8,namecheap,,,13/08/2026 22:16
c92c5674-abb6-4a8b-a4e2-f1d9b1836fbe,unfair.dentist,available,51.95,51.95,medium,low,6,spaceship,,,28/09/2026 09:45
9e6e6252-04ee-4f97-b332-0413297c3c67,jewellery.dentist,premium,242,242,high,low,9,namesilo,,,30/09/2026 00:51
a79e00a0-5f73-4094-a150-9a1349ffd401,ruthenium.dentist,available,65.99,65.99,medium,low,9,namesilo,,,20/09/2026 23:08
e2b0befd-e163-49b6-b1fd-5b1b636bce9b,knockabout.dentist,available,63.98,81.98,medium,low,10,namecheap,,,22/08/2026 16:33
5aacf723-3c58-421a-bbb0-f3649dde1d00,winchester.dentist,premium,512,512,high,low,10,namesilo,,,28/09/2026 03:16
5bc2ecdc-e85b-4330-83cf-f7450ccb629b,herbert.dentist,premium,108.9,108.9,high,low,7,dynadot,,,28/09/2026 10:02
9fbce932-45fa-439c-9e4f-91a8dd07be70,pop.dentist,available,65.99,65.99,high,medium,3,namesilo,,,24/09/2026 11:55
30c42bfa-23ac-420a-9032-12b3f45e565f,catkinate.dentist,available,63.98,81.98,medium,low,9,namecheap,,,11/08/2026 22:09
6227003e-3489-4cb4-903b-dd8104ffbffe,hie.dentist,available,63.98,81.98,medium,low,3,namecheap,,,09/09/2026 19:49
768bbf2c-e60d-4b9c-99df-23aad4240b3b,influenza.dentist,available,65.99,65.99,high,low,9,namesilo,,,30/09/2026 01:39
dbf32319-9833-4680-94a9-7f9f0bee5d12,latticed.dentist,available,63.98,81.98,medium,low,8,namecheap,,,22/08/2026 08:06
d78c25dd-d335-42f4-9dbb-5a9c64602753,monger.dentist,available,65.99,65.99,medium,low,6,namesilo,,,22/09/2026 05:36
6cfdd95a-3d6d-47aa-b039-b18b320a22c8,adh.dentist,available,65.99,65.99,high,low,3,namesilo,,,17/09/2026 07:56
6e2825e7-8ab2-439a-bcd1-22f9a2def4df,backbench.dentist,available,65.99,65.99,medium,low,9,namesilo,,,21/09/2026 15:00
394a8cd4-e9bb-4c07-88c0-7f6346d7c757,realised.dentist,available,65.99,65.99,high,low,8,namesilo,,,23/09/2026 17:33
a1b91c1d-73e4-41aa-bed0-d8363c7f474a,accountant.dentist,premium,118.8,118.8,high,low,10,namesilo,,,16/09/2026 23:11
041982c7-edff-4630-bd60-ce9499fa181f,swine.dentist,available,50.2,50.2,high,low,5,cloudflare,,,29/09/2026 02:16
ec7b2b6a-cee6-4403-a507-9d94461ecda5,lightless.dentist,available,63.98,81.98,medium,low,9,namecheap,,,23/08/2026 04:36
3ed9c235-9b0b-41c5-a7c1-33aed87befeb,defective.dentist,available,63.98,81.98,medium,low,9,namecheap,,,13/08/2026 23:06
23897949-4af2-4b8c-af64-e9a26463743a,troublesome.dentist,available,63.98,81.98,medium,low,11,namecheap,,,29/09/2026 20:56
c0b69ebb-6324-4326-9f3f-069fef86feea,clothing.dentist,available,51.95,51.95,high,low,8,spaceship,,,28/09/2026 04:12
ccb13359-3451-4092-bf16-7600bca147cb,guidelines.dentist,premium,207.2,207.2,medium,low,10,spaceship,,,29/09/2026 17:19
8f9815c2-c67b-4ff6-a0e7-436cbb76b407,pvc.dentist,available,63.98,81.98,high,low,3,namecheap,,,29/09/2026 01:51
a876e04c-d253-4866-9a95-4fd8ca41a9bd,rosen.dentist,available,65.99,65.99,high,low,5,namesilo,,,26/09/2026 03:15
96167869-02dc-428e-92ee-8333908e7ca6,sexist.dentist,available,63.98,81.98,medium,low,6,namecheap,,,10/09/2026 05:14
64b17d37-4760-43c0-9167-f6cc83e82f60,infectious.dentist,available,63.98,81.98,medium,low,10,namecheap,,,22/08/2026 04:12
e85a45a6-042b-43c5-83c6-caef6ab3e6f1,pinched.dentist,available,63.98,81.98,high,low,7,namecheap,,,10/08/2026 18:58
2aad211a-fa21-4c67-88e7-969fc4f824a4,agitator.dentist,available,63.98,81.98,medium,low,8,namecheap,,,17/09/2026 18:07
89b247d7-a1cc-4d9b-a06a-95a2e0b1717b,shameful.dentist,available,63.98,81.98,medium,low,8,namecheap,,,14/08/2026 10:28
d20fd03b-90a1-4486-bfdd-8100768a161f,algorithm.dentist,available,65.99,65.99,high,low,9,namesilo,,,18/09/2026 07:16
3de29df7-25e2-4477-8319-5fc71cdffacc,flaky.dentist,available,63.98,81.98,high,low,5,namecheap,,,10/08/2026 10:06
be357d0c-24ce-4b75-8dce-aa475d6e7ee4,updated.dentist,available,65.99,65.99,medium,low,7,namesilo,,,18/09/2026 06:09
dc820d5c-ae6e-4acc-9a03-ae9e0b16409e,homey.dentist,available,63.98,81.98,high,low,5,namecheap,,,21/08/2026 11:06
606112e8-8af0-4e73-a6f7-dca634eed26f,prostatic.dentist,available,63.98,81.98,medium,low,9,namecheap,,,09/09/2026 03:53
eaf165e1-7c20-415d-a03a-bb4f868bccf6,tremendous.dentist,available,63.98,81.98,high,low,10,namecheap,,,17/08/2026 09:48
8713c9a2-67bc-4374-9ab7-8f66c8d29210,mesonic.dentist,available,63.98,81.98,medium,low,7,namecheap,,,24/08/2026 21:09
78e032d3-a987-4709-8511-3d917a0577f0,firefighter.dentist,available,76.99,,high,low,11,name.com,,,
8f949d40-a3cc-4d0d-8391-322a8fadeb51,were.dentist,available,65.99,65.99,high,low,4,namesilo,,,
3a826c6b-594b-43b8-9f54-0251b9680a24,marcus.dentist,premium,118.8,118.8,high,low,6,namesilo,,,25/09/2026 17:20
0b6ffc23-3c6a-4e9b-ab06-b358703524da,relying.dentist,available,51.95,51.95,medium,low,7,spaceship,,,29/09/2026 23:13
b8443b69-9cad-4715-9f1b-344780e7279d,faddy.dentist,available,63.98,81.98,medium,low,5,namecheap,,,17/08/2026 20:35
fb3b3992-3857-400b-96ee-83ae1af391fc,represent.dentist,available,65.99,65.99,high,low,9,namesilo,,,
7e2a321f-97e7-447b-bc12-0b6201505ce0,ruse.dentist,available,65.99,65.99,medium,low,4,namesilo,,,20/09/2026 11:33
3c73b848-8bd7-4327-8b61-b67ff5b9c2ed,bassist.dentist,available,65.99,65.99,medium,low,7,namesilo,,,22/09/2026 12:26
9db36ff9-5309-4f7f-8090-471baa817c21,same.dentist,available,63.98,81.98,high,low,4,namecheap,,,27/09/2026 17:53
85a86ff7-ec5e-4af0-a6c0-232c41f47fcb,carbonates.dentist,available,51.95,51.95,medium,low,10,spaceship,,,30/09/2026 00:32
8a994782-e836-49a3-b7d8-1d3eecceed55,mustache.dentist,available,50.2,50.2,high,low,8,cloudflare,,,29/09/2026 19:43
1a4f6448-0b1e-4597-b1d4-82d55f99b066,eos.dentist,available,65.99,65.99,high,low,3,namesilo,,,29/09/2026 06:47
cc08d7e3-4990-4f08-abcd-01d9cccbd7ce,consistent.dentist,available,63.98,81.98,high,low,10,namecheap,,,12/08/2026 16:01
3d005023-a03e-4a45-b16f-1b503c4461c7,wonders.dentist,available,63.98,81.98,high,low,7,namecheap,,,18/09/2026 02:01
513d0d35-a632-4f67-994b-4c7581777097,hairless.dentist,available,63.98,81.98,high,low,8,namecheap,,,20/08/2026 22:13
4813ce98-e024-48e2-a4ae-f711c5144161,galvanic.dentist,available,63.98,81.98,medium,low,8,namecheap,,,18/08/2026 19:44
a56a28b8-8e10-4b99-b5b7-ebfaa7b412a0,clxx.dentist,available,63.98,81.98,medium,low,4,namecheap,,,
d9dc57ba-1785-4419-96da-42948b027c67,indigotin.dentist,available,63.98,81.98,medium,low,9,namecheap,,,22/08/2026 03:05
0f4e2e28-e992-4bec-9146-b5f63568ee22,disperse.dentist,available,65.99,65.99,high,low,8,namesilo,,,29/09/2026 13:55
a94710d2-daee-4c8b-aac1-2f4a790669d7,archeology.dentist,available,76.99,94.99,medium,low,10,name.com,,,20/09/2026 01:43
9d76cc8a-4113-4adc-b883-e5397052c773,salazar.dentist,premium,102.67,102.67,medium,low,7,spaceship,,,28/09/2026 12:15
2c06dd88-fe74-4adc-b841-a7ffa6f1c053,blacksburg.dentist,premium,512,512,medium,low,10,namesilo,,,24/09/2026 02:57
acc5e23d-d241-4c23-9d44-6e05d30a566f,beatific.dentist,available,63.98,81.98,high,low,8,namecheap,,,
e72a3c9b-39de-4e23-90a8-e77fd790f5ac,enemy.dentist,available,51.95,51.95,high,low,5,spaceship,,,28/09/2026 05:07
b880b478-b607-43e9-bf88-9df295c58c33,shrinking.dentist,available,51.95,51.95,medium,low,9,spaceship,,,29/09/2026 13:58
10a35072-ce17-4392-80ec-e31e501d8e55,crow.dentist,available,63.98,81.98,high,low,4,namecheap,,,11/08/2026 00:56
b6fa7536-eb9f-4815-8f15-a78d272a8bd1,belike.dentist,available,63.98,81.98,medium,low,7,namecheap,,,04/09/2026 04:45
84665152-857c-4bc5-a8d0-5a65017c2708,wajda.dentist,available,65.99,65.99,medium,low,5,namesilo,,,19/09/2026 05:01
26cea0b1-7d31-4b0b-a6e9-dbbce811a6a7,norwalk.dentist,premium,440,440,medium,low,7,dynadot,,,28/09/2026 12:08
bf19edbb-2a3e-4d20-959d-cfd900307ada,surfboard.dentist,available,76.99,,high,low,9,name.com,,,
5f60bac6-fc51-4537-9b87-1161ab4d58c4,whiteboard.dentist,available,76.99,,high,low,10,name.com,,,
b7206e9d-450a-461a-8e74-60c481a9cb32,adjustment.dentist,available,63.98,81.98,high,low,10,namecheap,,,18/08/2026 05:52
2a1839d8-4264-45e6-af2e-8945c2c34014,robe.dentist,available,51.95,51.95,high,low,4,spaceship,,,28/09/2026 06:41
865226f8-e99c-4fdf-8f4f-015885dfb1b9,pulverized.dentist,available,63.98,81.98,medium,low,10,namecheap,,,18/08/2026 04:41
dee23d2c-0b38-44f5-a35c-aff37244b5fc,weighing.dentist,available,63.98,81.98,high,low,8,namecheap,,,17/09/2026 11:27
5a3311b9-8b08-4ced-bd12-9489b5b80ef1,hee.dentist,available,50.2,50.2,high,low,3,cloudflare,,,29/09/2026 21:26
ca918c00-81f4-4cec-80a2-86a648924ffb,scab.dentist,available,65.99,65.99,medium,low,4,namesilo,,,24/09/2026 02:52
1d1a6563-b45b-4948-b42a-33a7481596ce,inflected.dentist,available,63.98,81.98,high,low,9,namecheap,,,22/08/2026 04:31
5725a97f-292b-4a68-a11c-fa1ed03f24ab,fanatic.dentist,available,63.98,81.98,high,low,7,namecheap,,,17/08/2026 21:49
5caf9796-d2b9-4a44-9bc7-85675463dd28,benni.dentist,available,63.98,81.98,high,low,5,namecheap,,,23/09/2026 08:28
52c8a228-abeb-4c46-8e3b-d53a5e594cda,simpleness.dentist,available,65.99,65.99,medium,low,10,namesilo,,,24/09/2026 13:51
89ccd9e7-ffdf-4d2a-8c8d-c8fc586c0e49,jamesian.dentist,available,63.98,81.98,medium,low,8,namecheap,,,22/08/2026 12:13
c5d3fda7-286b-45d8-98b2-1f75ad2c3761,rooney.dentist,available,65.99,65.99,high,low,6,namesilo,,,27/09/2026 07:48
cc281eef-2269-4935-b536-f98a290f44ae,lammas.dentist,available,65.99,65.99,medium,low,6,namesilo,,,21/09/2026 03:43
b8f1396d-036f-465e-8696-1a9c22c20e76,azure.dentist,available,,,high,high,5,,,,
972c61bf-66ab-47fa-a02f-94bd9d8602f5,tercet.dentist,available,63.98,81.98,high,low,6,namecheap,,,
4848c007-d7fb-4737-a763-27ceec1a7329,aragon.dentist,available,63.98,81.98,high,low,6,namecheap,,,19/09/2026 23:42
e3153482-2f8c-49f6-9913-0f44237aea3f,straws.dentist,available,65.99,65.99,medium,low,6,namesilo,,,20/09/2026 08:03
c6e3e96b-61a0-44d9-8b71-ca5b91f496e4,communists.dentist,available,51.95,51.95,low,low,10,spaceship,,,28/09/2026 13:10
6c1af7dd-922e-4500-bcf9-449dfbb21c6f,yoruba.dentist,available,65.99,65.99,high,low,6,namesilo,,,18/09/2026 00:15
8e5b4b91-a1f9-4b95-89cb-686b94a7ae46,squashed.dentist,available,63.98,81.98,medium,low,8,namecheap,,,10/09/2026 17:31
7e758f1a-6d7c-42ac-97b0-4fa1d02a9bdd,denial.dentist,available,65.99,65.99,high,low,6,namesilo,,,29/09/2026 13:58
ef3622f0-f22a-4dc8-ba24-2e95f2f3deca,gyp.dentist,available,63.98,81.98,medium,low,3,namecheap,,,14/09/2026 08:05
52028f51-f34f-45a4-b3d6-ca8d2d1a1bd0,zambian.dentist,available,63.98,81.98,high,low,7,namecheap,,,13/09/2026 15:05
00c36ce1-e62b-4e5f-a7c7-ca248437b75b,curves.dentist,available,65.99,65.99,medium,low,6,namesilo,,,
fb07c200-c17f-499d-a2fe-84625fbbfee1,disclose.dentist,available,53.72,53.72,high,low,8,dynadot,,,29/09/2026 20:42
7b4dda60-4e9c-401c-950b-18cca8d9daa0,hourlong.dentist,available,63.98,81.98,medium,low,8,namecheap,,,21/08/2026 14:22
24ffa594-cbea-46c8-b372-c026ded213ad,prostitute.dentist,available,76.99,94.99,high,low,10,name.com,,,13/08/2026 14:11
45fe58a2-d332-4292-9c4a-131f3285a957,metalloid.dentist,available,63.98,81.98,medium,low,9,namecheap,,,24/08/2026 21:37
71fb08d2-44a7-4e8e-b772-699e366f52af,plaques.dentist,premium,242,242,medium,low,7,namesilo,,,20/09/2026 08:19
ee67f1ab-af5e-4181-a80b-8bbaca7b7ed2,sorbonne.dentist,available,51.95,51.95,medium,low,8,spaceship,,,28/09/2026 20:07
fa90f139-0ea8-437d-968a-83af311707cc,meddling.dentist,available,63.98,81.98,medium,low,8,namecheap,,,11/08/2026 11:24
6aca9851-bd85-43a4-8cf9-2566334709ea,arnica.dentist,available,65.99,65.99,high,low,6,namesilo,,,20/09/2026 08:11
9fc4808c-7b52-4614-8007-453229875a79,jesus.dentist,premium,118.8,118.8,high,medium,5,namesilo,,,29/09/2026 09:01
3fab2fee-4b1f-433f-a8ff-a4a0f477aaed,illicit.dentist,available,63.98,81.98,high,low,7,namecheap,,,21/08/2026 19:50
425c0282-28ef-4d29-8922-8a2fd91a8784,anechoic.dentist,available,63.98,81.98,medium,low,8,namecheap,,,
64eda019-37bf-471d-b55d-b8213a8222e5,auk.dentist,available,65.99,65.99,high,low,3,namesilo,,,21/09/2026 04:07
35e087a3-3861-44fd-b1ad-b47921d39baa,peppers.dentist,available,63.98,81.98,high,low,7,namecheap,,,29/09/2026 17:14
3c6e1bf8-226f-4d32-802b-303cd76e750a,batna.dentist,available,63.98,81.98,medium,low,5,namecheap,,,22/09/2026 14:06
117068dd-a0da-444c-943b-59b551459850,hamlet.dentist,available,53.72,53.72,high,low,6,dynadot,,,28/09/2026 18:50
aa5230bd-e9aa-4a50-a509-f8bb9aa493ae,illume.dentist,available,63.98,81.98,high,low,6,namecheap,,,23/08/2026 02:41
265880fe-3ed0-4ea2-9219-2f1401025d41,soddy.dentist,available,65.99,65.99,medium,low,5,namesilo,,,17/09/2026 09:26
a74318e4-fe5a-423f-81ff-3fc57a60fcfe,guileless.dentist,available,63.98,81.98,medium,low,9,namecheap,,,20/08/2026 20:48
d97e3d06-2f64-48b6-a722-d9e1716b2ffa,parrot.dentist,available,65.99,65.99,high,low,6,namesilo,,,28/09/2026 15:02
59b40bd5-63e9-4622-a7b6-91b367137a5f,temper.dentist,available,63.98,81.98,high,low,6,namecheap,,,27/09/2026 04:28
501b5d12-ebc8-4e1e-a7dc-9646f12e8f54,dispensary.dentist,available,65.99,65.99,high,low,10,namesilo,,,24/09/2026 22:58
a837b7a4-2d09-4f95-9644-d08e1406bbd8,speak.dentist,available,76.99,,high,low,5,name.com,,,
75326b25-1ff9-41bc-9d62-619ca68c8d2d,claptrap.dentist,available,65.99,65.99,medium,low,8,namesilo,,,24/09/2026 03:39
ed61e959-bda6-4c29-b186-976859dc8b3f,fishermen.dentist,available,53.72,53.72,medium,low,9,dynadot,,,29/09/2026 10:38
2e201cf2-b466-469b-9002-1685fe3661cb,wiring.dentist,available,65.99,65.99,high,low,6,namesilo,,,
9ae56d11-f061-4e8a-bd57-457059d6cf20,arise.dentist,available,50.2,50.2,high,low,5,cloudflare,,,28/09/2026 10:48
2cf8811d-dbe7-4fb9-b0ea-2168f3517f45,leak.dentist,available,65.99,65.99,high,low,4,namesilo,,,
2ba6a3f2-76db-44b8-917b-4b4084f43a14,tined.dentist,available,63.98,81.98,medium,low,5,namecheap,,,09/09/2026 03:20
fb9fd359-59b2-4472-a416-9170e1009d07,chess.dentist,available,65.99,65.99,high,medium,5,namesilo,,,24/09/2026 10:43
eac43a0e-171e-4b1c-b3ae-27275d519880,proceed.dentist,available,65.99,65.99,high,low,7,namesilo,,,
1e4ff7e7-cfdd-4b4b-9f4e-bcbf6419cf5a,challenger.dentist,available,65.99,65.99,high,low,10,namesilo,,,29/09/2026 06:18
9a35d546-3658-4d75-bca1-b84ca9c334b5,rooted.dentist,available,65.99,65.99,high,low,6,namesilo,,,29/09/2026 14:20
d64d35f1-c35d-42f0-83fe-b9a3c76d83b7,bulky.dentist,available,63.98,81.98,medium,low,5,namecheap,,,23/09/2026 10:36
62c46824-c2df-474c-a886-e465a34a0953,guardian.dentist,available,65.99,65.99,high,medium,8,namesilo,,,28/09/2026 05:31
f980a31c-0745-4f75-be3b-80b2632759f7,quintet.dentist,available,63.98,81.98,high,low,7,namecheap,,,
bdcd53ae-1333-4f87-a3c9-be494161a0df,cocky.dentist,available,63.98,81.98,high,low,5,namecheap,,,12/08/2026 15:02
db50eefb-50af-4bb1-a681-cd9e25151f16,spectator.dentist,available,52.01,52.01,high,low,9,porkbun,,,29/09/2026 13:19
76127cea-0c4d-4901-ac5e-45334506b94a,shade.dentist,available,65.99,65.99,high,low,5,namesilo,,,28/09/2026 02:00
845400a1-1b21-4459-bd50-4fcd41624c45,biweekly.dentist,available,63.98,81.98,high,low,8,namecheap,,,10/08/2026 09:30
6a238691-73a3-43c1-9a5e-7b3b06bf6ea6,stripes.dentist,available,65.99,65.99,high,low,7,namesilo,,,24/09/2026 14:23
cc40ec59-7ac0-433b-903f-32e97290d6db,tax.dentist,premium,520,520,high,medium,3,namecheap,,,28/09/2026 05:46
227fc440-87a3-483a-badf-a4225e7b8cfe,woodenly.dentist,available,63.98,81.98,low,low,8,namecheap,,,14/09/2026 21:56
c960e448-4e33-42d0-92aa-10bcd44ca9ef,sebastian.dentist,premium,118.8,118.8,high,low,9,namesilo,,,25/09/2026 15:12
50a02fb6-d33c-4ffd-bbe3-ff3a6bdcde03,eritrean.dentist,available,63.98,81.98,high,low,8,namecheap,,,17/08/2026 12:22
ce57614c-3c7b-4ec1-bdcf-4cd15f7a4583,sciences.dentist,premium,242,242,medium,low,8,namesilo,,,28/09/2026 07:41
c5464937-56ab-4e34-b957-7d9f0070e9c7,araneae.dentist,available,65.99,65.99,medium,low,7,namesilo,,,20/09/2026 00:06
054cd02e-6e04-449a-8028-1eeb5ba99aab,algae.dentist,available,65.99,65.99,high,low,5,namesilo,,,18/09/2026 06:48
ed16872d-0b3a-41a4-b475-641c1d5c6ea5,facet.dentist,available,50.2,50.2,high,low,5,cloudflare,,,28/09/2026 22:42
0888b014-8329-4ac1-9d6a-64be6bd575b8,bellwether.dentist,available,65.99,65.99,high,low,10,namesilo,,,23/09/2026 06:30
5dc26049-9ffc-4cb5-8d54-3ba0314cf855,ketchup.dentist,available,65.99,65.99,high,low,7,namesilo,,,24/09/2026 13:10
0be732c7-6b0b-490d-ac9e-a2631f777154,upc.dentist,available,65.99,65.99,high,low,3,namesilo,,,
db16fc8f-5fcb-42f0-b56b-816170f98838,conclusion.dentist,available,65.99,65.99,high,low,10,namesilo,,,23/09/2026 14:51
d80b40e6-5435-4c2d-8411-a582fc84c046,keynesian.dentist,available,63.98,81.98,medium,low,9,namecheap,,,22/08/2026 15:46
51ba973c-d102-471b-87fc-1e2214bec85c,mogul.dentist,available,65.99,65.99,high,low,5,namesilo,,,23/09/2026 14:17
323ed5da-0085-46df-b210-8e758d98e07c,molecules.dentist,available,65.99,65.99,medium,low,9,namesilo,,,
da4b6658-6530-4f96-9618-13941891f8ce,plaintiff.dentist,available,65.99,65.99,high,low,9,namesilo,,,29/09/2026 11:57
7ae2ee6f-d89a-4307-a988-21c4a5c58a34,illustrated.dentist,available,65.99,65.99,high,low,11,namesilo,,,
494e479b-f81d-4a46-af03-c07510ea46e8,hydroponic.dentist,available,63.98,81.98,medium,low,10,namecheap,,,06/08/2026 10:34
83e8be47-b4f3-43bf-b0d1-123954aa050c,piece.dentist,available,65.99,65.99,high,low,5,namesilo,,,20/09/2026 09:57
950f4f28-4a34-4572-bc7a-4c7e2c3b1108,guard.dentist,premium,250,,high,low,5,name.com,,,29/09/2026 21:40
04670fc1-ab70-4dd1-845c-cd0f1ff4d838,swelling.dentist,available,65.99,65.99,high,low,8,namesilo,,,24/09/2026 11:05
6c83bd6a-5d4c-408d-9187-3f303c2f231f,crazy.dentist,available,65.99,65.99,high,low,5,namesilo,,,23/09/2026 02:03
b558a5b0-f60b-4d30-b41d-b03470d2bb4c,bighead.dentist,available,63.98,81.98,medium,low,7,namecheap,,,23/09/2026 15:09
f0a70525-fb4b-4145-8998-45adc00658d0,smiling.dentist,available,63.98,81.98,high,low,7,namecheap,,,27/09/2026 23:05
020a6028-ddf9-4dac-8bc7-c34183a6c931,shift.dentist,available,51.95,51.95,high,medium,5,spaceship,,,27/09/2026 21:11
62c967cd-b915-4e91-a543-1acdec06f824,javan.dentist,available,63.98,81.98,high,low,5,namecheap,,,22/08/2026 12:30
1f47fda6-567f-4a98-88fa-adc7d3a0e8bf,bake.dentist,available,65.99,65.99,high,low,4,namesilo,,,
887ad02b-0796-47bb-bd6d-396f2ce40f18,tawdry.dentist,available,63.98,81.98,medium,low,6,namecheap,,,12/08/2026 03:29
6226e169-c4e7-4ec2-9a1c-6d2af8be28d8,occasional.dentist,available,65.99,65.99,high,low,10,namesilo,,,28/09/2026 11:16
8620df4d-bc45-4315-8e82-70dcbc59a1a9,fargo.dentist,premium,242,242,high,low,5,namesilo,,,25/09/2026 22:42
826d91e7-dd9a-4761-b904-d3ca45368d1e,nicaean.dentist,available,63.98,81.98,medium,low,7,namecheap,,,03/09/2026 16:59
8d90297f-8da8-449a-a706-9564d7ecb2cd,superbug.dentist,available,65.99,65.99,medium,low,8,namesilo,,,23/09/2026 07:17
5dc0d771-8809-4ffa-97ca-d5e17466cc43,energizer.dentist,available,65.99,65.99,high,low,9,namesilo,,,19/09/2026 09:06
c2ef23fd-41ef-4fc5-b50a-a76136b08c78,out.dentist,premium,118.8,118.8,high,low,3,namesilo,,,28/09/2026 05:37
8a97eb86-5784-48d3-902a-d1aea0fcaa81,apparent.dentist,available,63.98,81.98,high,low,8,namecheap,,,06/08/2026 05:08
05ab0eb5-950b-40ca-a6b6-baf8da11dda9,pounds.dentist,available,63.98,81.98,medium,low,6,namecheap,,,18/09/2026 01:51
7d76165d-9e13-4b1d-8044-43125b272126,nasal.dentist,available,63.98,81.98,high,low,5,namecheap,,,03/09/2026 13:33
b1afa800-1cb3-437c-9b1a-582c091e0846,mckinley.dentist,available,65.99,65.99,high,low,8,namesilo,,,25/09/2026 04:51
7e163f32-6b0d-4bb9-8e36-d09b7541df37,sensing.dentist,available,51.95,51.95,high,low,7,spaceship,,,29/09/2026 14:15
8ea3587c-dd3b-4705-91c1-4dae986d7354,bennett.dentist,premium,242,242,high,low,7,namesilo,,,23/09/2026 08:31
a5fe7834-9002-40dd-be29-dc861927055b,attachment.dentist,available,52.01,52.01,high,low,10,porkbun,,,28/09/2026 18:30
49266d82-8acd-4162-855b-e432ecb8f6cf,ogden.dentist,premium,242,242,medium,low,5,namesilo,,,25/09/2026 03:51
06e00aa6-4899-4bb0-be6e-7779c7341dd7,mentality.dentist,available,51.95,51.95,high,low,9,spaceship,,,29/09/2026 06:09
c1059a5b-9c9b-455c-af65-13da2798f5ff,fibrous.dentist,available,63.98,81.98,medium,low,7,namecheap,,,18/08/2026 03:22
2230ad94-73d5-431a-b9b3-5b85ca87133b,adductive.dentist,available,63.98,81.98,medium,low,9,namecheap,,,
7b0c7706-607d-4cc3-a496-e9a872413c37,straying.dentist,available,63.98,81.98,medium,low,8,namecheap,,,10/09/2026 22:14
70398d3c-fd81-429b-868d-bb2bf5152701,woolwich.dentist,available,51.95,51.95,medium,low,8,spaceship,,,29/09/2026 15:50
46d8e0eb-550c-4959-afeb-7c284b1633b7,sparks.dentist,premium,,,high,low,6,,,,28/09/2026 12:19
4c6bc73b-e9ef-4f5c-8073-cfcafab5ad21,woozy.dentist,available,63.98,81.98,medium,low,5,namecheap,,,14/08/2026 14:06
777ccc2f-fa5c-43fd-b992-95de6f977327,weaving.dentist,available,65.99,65.99,high,low,7,namesilo,,,29/09/2026 14:07
3a61ab13-ad13-4e7b-8d34-f724ea498dcf,prunus.dentist,available,53.72,53.72,high,low,6,dynadot,,,30/09/2026 01:43
3fc66a88-2171-4eec-b54a-3f6020cfef7e,warnings.dentist,premium,242,242,low,low,8,namesilo,,,29/09/2026 17:44
57c42ef3-33fa-4f06-a520-9cf0cabac953,going.dentist,premium,242,242,high,low,5,namesilo,,,24/09/2026 22:35
041fb256-f37f-4f64-89a3-c5a9051bc734,consultation.dentist,premium,520,520,high,low,12,namecheap,,,29/09/2026 22:42
4cf12f32-ef05-47e4-a742-24c33c47d533,broad.dentist,available,63.98,81.98,high,low,5,namecheap,,,19/09/2026 06:03
8039909a-62df-491d-a691-f265b7dbf4c5,tike.dentist,available,63.98,81.98,medium,low,4,namecheap,,,25/08/2026 00:12
ba965a80-f647-4c0a-9b09-83d869f8ee21,risky.dentist,available,63.98,81.98,medium,low,5,namecheap,,,21/08/2026 01:43
2f5f2dbf-6173-4af4-8b78-6628f6fd8d55,consolidated.dentist,available,52.01,52.01,high,low,12,porkbun,,,29/09/2026 16:56
72222c1d-fefe-4d49-b670-c1cb3328742b,beatrice.dentist,available,65.99,65.99,high,low,8,namesilo,,,22/09/2026 21:46
05357279-6324-4e3d-98ca-98342d861059,warrant.dentist,available,63.98,81.98,high,low,7,namecheap,,,08/09/2026 08:40
f866862d-474b-48c0-ac59-47c69599138f,wages.dentist,premium,242,242,high,low,5,namesilo,,,
61c24b22-68a9-4514-bb5e-7be28be14c4d,sunburn.dentist,available,63.98,81.98,high,low,7,namecheap,,,11/09/2026 07:53
804ff205-0c7c-4d89-a19e-c29faa0c3005,torpid.dentist,available,63.98,81.98,medium,low,6,namecheap,,,14/08/2026 16:15
289f0ab8-5bcc-4900-92e6-07c09dbbd337,glabrous.dentist,available,63.98,81.98,medium,low,8,namecheap,,,19/08/2026 00:03
a9e30563-fd7d-479a-93c9-04d029696239,cdc.dentist,premium,118.8,118.8,high,low,3,namesilo,,,25/09/2026 22:11
a304ccdf-c08f-4620-a262-be26f5414ae5,trumbull.dentist,available,50.2,50.2,medium,low,8,cloudflare,,,28/09/2026 14:37
1ef80e39-9413-4733-9525-dcaa39429591,armageddon.dentist,available,65.99,65.99,high,low,10,namesilo,,,20/09/2026 06:29
713f3c6c-7e17-46b2-ad03-85736b937fc7,rectify.dentist,available,65.99,65.99,high,low,7,namesilo,,,23/09/2026 23:41
aaff3295-6ca3-4fa8-8a07-4cbe5d866b58,antiphony.dentist,available,65.99,65.99,medium,low,9,namesilo,,,19/09/2026 14:57
13fee711-3484-41e5-a8a1-104d8ce2c91f,taciturn.dentist,available,63.98,81.98,medium,low,8,namecheap,,,11/09/2026 06:58
c98c3407-5fd8-45b1-94d0-10e229d42c96,converse.dentist,premium,242,242,high,high,8,namesilo,,,23/09/2026 22:49
17526064-82c4-4b1f-821f-b24c10d7d64a,winged.dentist,available,63.98,81.98,high,low,6,namecheap,,,13/09/2026 12:29
61a45f87-762b-4692-a09f-41b6d8cf237d,discordant.dentist,available,63.98,81.98,medium,low,10,namecheap,,,14/08/2026 10:00
795a3f77-5574-4af6-9684-618f5d30e0ac,marvellous.dentist,available,65.99,65.99,high,low,10,namesilo,,,25/09/2026 00:14
0e118c9a-84d4-4860-9db6-035d43ea1e34,justice.dentist,premium,242,242,high,medium,7,namesilo,,,19/09/2026 10:07
e18036fe-f6c0-4665-9ab7-107f954c1625,gabonese.dentist,available,63.98,81.98,medium,low,8,namecheap,,,18/08/2026 19:24
eba3fbb5-e9a6-4c5e-8e6a-e11f16ca9ea7,smell.dentist,available,65.99,65.99,high,low,5,namesilo,,,27/09/2026 22:50
41be62e0-dbcc-4b37-9a78-b74690af69c7,rendering.dentist,available,50.2,50.2,high,low,9,cloudflare,,,29/09/2026 19:21
2f894de7-e31f-4fff-88b3-b5dd54f39a70,toe.dentist,available,76.99,,medium,low,3,name.com,,,
b0617add-16ae-4b8a-b2cb-4824ce7300be,noachian.dentist,available,63.98,81.98,medium,low,8,namecheap,,,03/09/2026 17:58
ac1561a1-2ed2-487e-8564-4591198985d3,invincibly.dentist,available,63.98,81.98,medium,low,10,namecheap,,,15/09/2026 09:08
3dd6d3f4-3ef8-4c6e-962a-9a1261c961a6,softball.dentist,available,51.95,51.95,high,low,8,spaceship,,,29/09/2026 01:51
5d4f81f4-8ea0-439d-bd61-9cb7f34b988a,siamese.dentist,available,63.98,81.98,high,low,7,namecheap,,,10/09/2026 07:27
b0907b50-5776-4383-8e18-effa24e21f18,emotional.dentist,available,63.98,81.98,high,low,9,namecheap,,,16/08/2026 15:56
64d67015-17be-4d9c-9df0-06b7ee733344,accessories.dentist,premium,218.8,437.19,medium,low,11,porkbun,,,28/09/2026 10:52
2693de6d-81cf-4c99-9742-ced0712193fa,successes.dentist,available,65.99,65.99,medium,low,9,namesilo,,,
a31ea183-c70a-40bc-bcc5-c04c750c7291,comer.dentist,available,65.99,65.99,medium,low,5,namesilo,,,20/09/2026 09:17
bdfa2b88-02d7-4850-84c5-8774e7841082,rushing.dentist,available,52.01,52.01,high,low,7,porkbun,,,27/09/2026 17:20
969f88d6-9787-4ed8-a7ff-188613622a27,diffuse.dentist,available,63.98,81.98,high,low,7,namecheap,,,14/08/2026 07:02
132c2738-79e9-4f2a-b410-af353ce7a7b3,flattened.dentist,available,63.98,81.98,medium,low,9,namecheap,,,18/08/2026 06:55
aa86b27f-2766-4964-bd70-53b3336790c6,repeating.dentist,available,51.95,51.95,high,low,9,spaceship,,,28/09/2026 06:41
b8743008-83d5-43c0-be26-c071ad0d6d73,colossal.dentist,available,63.98,81.98,high,low,8,namecheap,,,12/08/2026 17:57
61289b04-b797-474b-90ae-a1f80fd8cf58,scottsdale.dentist,premium,3450,3450,high,low,10,namesilo,,,29/09/2026 15:25
f7fb420d-7dd6-468f-a6b1-ab62d08af20a,unhearing.dentist,available,76.99,94.99,medium,low,9,name.com,,,13/08/2026 19:50
aa06fd14-5c82-4893-9b10-4b2c61efea23,abbey.dentist,available,65.99,65.99,high,low,5,namesilo,,,16/09/2026 14:25
f117af68-036b-4ec0-95e8-8836bfe692ca,monroe.dentist,premium,,,high,low,6,,,,28/09/2026 02:11
329722eb-7a22-45bb-8bed-661d8ab77882,inst.dentist,available,63.98,81.98,high,low,4,namecheap,,,22/08/2026 07:26
ca1ffd20-dcc7-42a9-b123-ad0b81a168d8,neatly.dentist,available,63.98,81.98,high,low,6,namecheap,,,15/09/2026 16:16
21f0eb78-7d19-4312-bbd6-8ea1c2a397e9,ostensive.dentist,available,63.98,81.98,medium,low,9,namecheap,,,04/09/2026 18:31
8f44ec51-a415-4a2d-9a4a-a8010e68abf5,injurious.dentist,available,63.98,81.98,medium,low,9,namecheap,,,14/08/2026 00:30
a1d0b47e-b205-49fa-b81e-91326a4eff5e,brittany.dentist,available,63.98,81.98,high,low,8,namecheap,,,27/09/2026 03:23
964cd714-0f10-4466-a741-6b535b9e138a,tho.dentist,available,76.99,,medium,low,3,name.com,,,
a2255dcb-edd9-4e7b-91d1-6f683de005ca,disbelief.dentist,available,65.99,65.99,high,low,9,namesilo,,,24/09/2026 22:29
6b0a91de-7b95-4f01-b259-f62f2e46e3a1,mash.dentist,available,65.99,65.99,high,low,4,namesilo,,,29/09/2026 11:35
6b2cd749-e277-42c9-85c7-9276d0927ef9,billfish.dentist,available,65.99,65.99,medium,low,8,namesilo,,,23/09/2026 16:15
3a2271f3-7a6b-43df-ac19-f4d830729d17,coup.dentist,available,53.72,53.72,high,low,4,dynadot,,,29/09/2026 18:30
6fcb87ad-06c4-407e-8e77-6a5912e10533,mangy.dentist,available,63.98,81.98,medium,low,5,namecheap,,,24/08/2026 14:50
fcd7c621-c84a-469c-9dc9-f16143dca1c3,oxonian.dentist,available,63.98,81.98,medium,low,7,namecheap,,,04/09/2026 22:32
2efecb41-d8ed-406f-94c7-fd97e46ae5e3,wittgenstein.dentist,available,51.95,51.95,medium,low,12,spaceship,,,29/09/2026 09:48
cbdb88c5-ec57-4fdd-a80c-95c46d629137,insurable.dentist,available,63.98,81.98,high,low,9,namecheap,,,22/08/2026 07:40
1a9b31a1-b64e-4350-8a4c-3c10955307e5,bilbao.dentist,available,65.99,65.99,medium,low,6,namesilo,,,29/09/2026 03:44
b5478734-305c-4015-8803-2d939c70118f,ineffably.dentist,available,63.98,81.98,medium,low,9,namecheap,,,15/09/2026 07:55
42928cdf-dc3e-4ce5-a969-2f9caaedf243,affidavit.dentist,available,51.95,51.95,high,low,9,spaceship,,,28/09/2026 19:16
1e0e7947-7f24-4061-af21-b74f72319621,boulogne.dentist,available,51.95,51.95,medium,low,8,spaceship,,,29/09/2026 09:58
6dfee6ea-c919-4a42-bd82-080f05c221b1,developed.dentist,available,65.99,65.99,high,low,9,namesilo,,,24/09/2026 07:51
9fbcdde8-9030-4639-9637-a9ff76345273,intrigued.dentist,available,51.95,51.95,medium,low,9,spaceship,,,30/09/2026 00:46
a629ce9f-85fb-4f75-b386-695cea775cc5,kpa.dentist,available,65.99,65.99,medium,low,3,namesilo,,,28/09/2026 16:13
347d3ff5-8d8e-4c79-88e9-3d6dd464e353,ritzy.dentist,available,63.98,81.98,high,low,5,namecheap,,,09/09/2026 18:04
e18400ef-3996-47de-beeb-664e63ad90ed,beach.dentist,premium,207.2,207.2,high,low,5,spaceship,,,29/09/2026 01:36
6544bb02-59c8-426c-98a0-32b12f44be04,individual.dentist,premium,118.8,118.8,high,low,10,namesilo,,,23/09/2026 13:06
7da81017-e2d6-4280-a520-9df1e3b65784,procession.dentist,available,50.2,50.2,high,low,10,cloudflare,,,29/09/2026 06:59
7fb9796c-c4f4-47a2-9ffa-f297649422d7,layperson.dentist,available,63.98,81.98,medium,low,9,namecheap,,,10/09/2026 01:26
e55f0029-34fe-45fe-9c85-bf534d33846d,scallion.dentist,available,65.99,65.99,medium,low,8,namesilo,,,18/09/2026 11:26
26998a6b-5581-4212-a61a-cae45c32f267,alibi.dentist,available,65.99,65.99,high,low,5,namesilo,,,18/09/2026 07:24
342ad1ac-cd88-419f-8dc5-65d55ad8b8ff,prim.dentist,available,76.99,94.99,high,low,4,name.com,,,13/08/2026 15:46
0df587f9-d403-4f69-8c30-c925aa1a0f19,spontaneous.dentist,available,65.99,65.99,high,low,11,namesilo,,,
4843e379-c548-40f0-b4c2-0b550badc967,adelaide.dentist,premium,512,512,high,low,8,namesilo,,,17/09/2026 07:13
2ce28f1a-10fd-41ea-aea3-d553b4e6c8e0,broaden.dentist,available,65.99,65.99,high,low,7,namesilo,,,
c2074d63-b81f-490a-ae54-fb90456b1a60,craved.dentist,available,63.98,81.98,high,low,6,namecheap,,,13/08/2026 05:25
806c59ac-6e8d-4028-9f89-dabef4d9b9f8,securely.dentist,available,63.98,81.98,high,low,8,namecheap,,,16/09/2026 00:50
cfe9d589-3a93-4647-8955-470fd86a264e,nostrils.dentist,available,65.99,65.99,medium,low,8,namesilo,,,
6e8f62a5-314f-4cc3-bfc6-873cce143d7e,sperry.dentist,available,52.01,52.01,medium,low,6,porkbun,,,29/09/2026 00:47
b17d05ad-1367-4c9b-882d-66b690041eb0,deafening.dentist,available,76.99,94.99,medium,low,9,name.com,,,13/08/2026 19:54
5e7ee870-174c-4c8d-a8ae-ac5dae86323d,dyson.dentist,available,51.95,51.95,high,low,5,spaceship,,,29/09/2026 03:36
64588478-8829-46c5-bc94-06c6381b583c,postmodern.dentist,available,63.98,81.98,high,low,10,namecheap,,,09/09/2026 00:29
cfca977a-63ab-4ca7-8353-3edd57728998,deed.dentist,available,52.01,52.01,high,low,4,porkbun,,,28/09/2026 01:46
9701cf71-c80b-4a29-bb1d-5f7221053631,garcia.dentist,premium,260,260,high,low,6,namecheap,,,25/09/2026 20:50
1d0a40ba-009d-48f0-8847-3ae31f503233,sumbuddy.dentist,available,65.99,65.99,low,low,8,namesilo,,,
8d3ab528-dad7-46d4-84e3-b87cb39db826,blate.dentist,available,63.98,81.98,medium,low,5,namecheap,,,10/08/2026 13:35
5a2ff44c-d8cb-4ead-ba78-ddae2e47ddc6,screen.dentist,available,65.99,65.99,high,low,6,namesilo,,,28/09/2026 08:44
7cbaed78-7c66-40d7-8597-58f91e49dec5,mary.dentist,premium,242,242,high,low,4,namesilo,,,24/09/2026 06:05
7b45492f-2f2c-4ffb-b041-c99916298952,wrathful.dentist,available,63.98,81.98,medium,low,8,namecheap,,,13/09/2026 13:36
3883b642-2629-4469-8b1d-cf720b21450d,unicorns.dentist,available,65.99,65.99,high,low,8,namesilo,,,
de4f024e-8f86-411c-bbcf-ced5ac76ff3b,impellent.dentist,available,63.98,81.98,medium,low,9,namecheap,,,21/08/2026 22:03
898ee538-e487-4477-8914-7948e4882a74,virtuous.dentist,available,63.98,81.98,high,low,8,namecheap,,,13/09/2026 06:06
1c720c24-67fb-4a1b-8e60-e252908f20f2,norther.dentist,available,63.98,81.98,medium,low,7,namecheap,,,03/09/2026 21:34
03ecfd72-e202-420c-a534-d71016539cc6,ascii.dentist,available,65.99,65.99,high,low,5,namesilo,,,18/09/2026 20:43
fdf4e92a-f313-4bc5-916c-be30274a8ab2,effete.dentist,available,63.98,81.98,medium,low,6,namecheap,,,13/08/2026 20:52
ed40c26e-eda7-4856-8f7c-3d372c741587,deadly.dentist,available,63.98,81.98,medium,low,6,namecheap,,,22/09/2026 16:43
66c9cfbe-38dd-4200-89a1-494b6fce9b1d,clearing.dentist,available,65.99,65.99,high,low,8,namesilo,,,24/09/2026 15:28
65b597d4-51ea-4771-86f0-c8e58ab13bc8,homelike.dentist,available,63.98,81.98,high,low,8,namecheap,,,21/08/2026 11:03
ef2e5dd4-9d42-4fc7-8861-3cbca2e86abc,mutual.dentist,available,65.99,65.99,high,low,6,namesilo,,,25/09/2026 22:40
716db0af-df65-4db1-b40f-4d39ef072fba,northward.dentist,available,63.98,81.98,high,low,9,namecheap,,,03/09/2026 21:27
ea56a653-6795-489f-936c-a3aa07641018,humid.dentist,available,63.98,81.98,high,low,5,namecheap,,,21/08/2026 15:17
67accdfd-6972-43bd-b922-f90b2d9d295d,montfort.dentist,available,52.01,52.01,high,low,8,porkbun,,,30/09/2026 01:27
2ed7f572-e46d-44ba-a9b2-aac6144c6241,follicular.dentist,available,63.98,81.98,medium,low,10,namecheap,,,18/08/2026 10:20
dc0a94a8-02c5-489a-9369-7014e412e63c,kano.dentist,available,51.95,51.95,high,low,4,spaceship,,,29/09/2026 09:07
283c9828-641d-4c8c-bdb3-1d6e16df692b,threatened.dentist,available,63.98,81.98,medium,low,10,namecheap,,,11/09/2026 14:13
e1d9a64a-aefe-4707-8772-07871a88d66e,pawky.dentist,available,63.98,81.98,medium,low,5,namecheap,,,08/09/2026 10:57
58fcf308-fe7b-43f9-bbb5-e43928247d7e,listened.dentist,available,63.98,81.98,medium,low,8,namecheap,,,25/09/2026 19:45
5f5e0605-c1d2-457d-9ef2-e36bee3b8412,clunky.dentist,available,63.98,81.98,medium,low,6,namecheap,,,12/08/2026 13:08
5ae67ce8-2c4d-42af-a4f6-4cef9590701a,bucks.dentist,available,65.99,65.99,high,low,5,namesilo,,,25/09/2026 13:26
4b2bc404-5ecd-44ba-ba4a-927f94cc151a,zestful.dentist,available,63.98,81.98,medium,low,7,namecheap,,,08/08/2026 19:51
efc2455a-a010-41ee-a025-666caf7f9543,scalp.dentist,available,65.99,65.99,high,low,5,namesilo,,,29/09/2026 08:01
a5736318-7851-4eec-82a6-4c20dd9e56df,gdr.dentist,available,50.2,50.2,high,low,3,cloudflare,,,28/09/2026 07:11
996091f4-6724-4260-b919-06e4e22c39f2,abusive.dentist,available,63.98,81.98,medium,low,7,namecheap,,,
8f317355-b19d-474e-a994-51fe1812edb3,vitrified.dentist,available,63.98,81.98,medium,low,9,namecheap,,,13/09/2026 06:20
ab9ded4d-c32c-4eea-9605-5cb35add2145,bellyband.dentist,available,63.98,81.98,medium,low,9,namecheap,,,23/09/2026 06:51
1e051205-0034-4383-817f-f0907d0a2fc3,rest.dentist,available,53.72,53.72,high,low,4,dynadot,,,27/09/2026 12:11
4911ea19-ffc4-4b5b-9f4f-946b1ba85c3d,rebound.dentist,available,65.99,65.99,high,low,7,namesilo,,,21/09/2026 15:40
8f81135b-cf94-4237-9368-a357f4fdc618,rigel.dentist,available,65.99,65.99,medium,low,5,namesilo,,,23/09/2026 10:56
9f023708-c308-4f85-9ffe-2eb398187755,mick.dentist,available,51.95,51.95,high,low,4,spaceship,,,28/09/2026 02:25
a5d8537c-d9af-4db9-9e2a-a2cd794f8120,merely.dentist,available,65.99,65.99,medium,low,6,namesilo,,,25/09/2026 12:17
921391ab-9bc3-4b81-8cf4-cc10624943ad,germicidal.dentist,available,63.98,81.98,medium,low,10,namecheap,,,08/08/2026 07:07
54eca712-d349-4e4c-9ba0-479f8cdfc97e,livery.dentist,available,63.98,81.98,high,low,6,namecheap,,,24/08/2026 08:06